"Я опустил циновку, закутался в шубу и задремал, убаюканный пением бури и качкою тихой езды.Мне приснился сон, которого никогда не мог я позабыть и в котором до сих пор вижу нечто пророческое, когда соображаю с ним странные обстоятельства моей жизни. Читатель извинит меня: ибо вероятно знает по опыту, как сродно человеку предаваться суеверию, несмотря на всевозможное презрение к предрассудкам.Я находился в том состоянии чувств и души, когда существенность, уступая мечтаниям, сливается с ними в неясных видениях первосония. Мне казалось, буран еще свирепствовал и мы еще блуждали по снежной пустыне... Вдруг увидел я ворота и въехал на барский двор нашей усадьбы. Первою мыслию моею было опасение, чтоб батюшка не прогневался на меня за невольное возвращение под кровлю родительскую и не почел бы его умышленным ослушанием. С беспокойством я выпрыгнул из кибитки и вижу: матушка встречает меня на крыльце с видом глубокого огорчения. ""Тише,— говорит она мне,— отец болен при смерти и желает с тобою проститься"". Пораженный страхом, я иду за нею в спальню. Вижу, комната слабо освещена; у постели стоят люди с печальными лицами. Я тихонько подхожу к постеле; матушка приподымает полог и говорит: ""Андрей Петрович, Петруша приехал; он воротился, узнав о твоей болезни; благослови его"". Я стал на колени и устремил глаза мои на больного. Что ж?.. Вместо отца моего, вижу в постеле лежит мужик с черной бородою, весело на меня поглядывая. Я в недоумении оборотился к матушке, говоря ей: ""Что это значит? Это не батюшка. И к какой мне стати просить благословения у мужика?"" — ""Всё равно, Петруша,— отвечала мне матушка,— это твой посаженый отец; поцелуй у него ручку, и пусть он тебя благословит..."" Я не соглашался. Тогда мужик вскочил с постели, выхватил топор из-за спины и стал махать во все стороны. Я хотел бежать... и не мог; комната наполнилась мертвыми телами; я спотыкался о тела и скользил в кровавых лужах... Страшный мужик ласково меня кликал, говоря: ""Не бойсь, подойди под мое благословение..."" Ужас и недоумение овладели мною... И в эту минуту я проснулся; лошади стояли; Савельич дергал меня за руку, говоря: ""Выходи, сударь: приехали"".",А.С. Пушкин_Капитанская дочка
"Как будто он впадал в полудремоту. Холод ли, мрак ли, сырость ли, ветер ли, завывавший под окном и качавший деревья, вызвали в нем какую-то упорную фантастическую наклонность и желание, - но ему все стали представляться цветы. Ему вообразился прелестный пейзаж; светлый, теплый, почти жаркий день, праздничный день, Троицын день. Богатый, роскошный деревенский коттедж, в английском вкусе, весь обросший душистыми клумбами цветов, обсаженный грядами, идущими кругом всего дома; крыльцо, увитое вьющимися растениями, заставленное грядами роз; светлая, прохладная лестница, устланная роскошным ковром, обставленная редкими цветами в китайских банках. Он особенно заметил в банках с водой, на окнах, букеты белых и нежных нарцизов, склоняющийся на своих ярко-зеленых, тучных и длинных стеблях с сильным ароматным запахом. Ему даже отойти от них не хотелось, но он поднялся по лестнице и вошел в большую, высокую залу, и опять и тут везде, у окон, около растворенных дверей на террасу, на самой террасе, везде были цветы. Полы были усыпаны свежею накошенною душистою травой, окна были отворены, свежий, легкий, прохладный воздух проникал в комнату, птички чирикали под окнами, а посреди залы, на покрытых белыми атласными пеленами столах, стоял гроб. Этот гроб был обит белым граденаплем и обшит белым густым рюшем. Гирлянды цветов обвивали его со всех сторон. Вся в цветах лежала в нем девочка, в белом тюлевом платье, со сложенными и прижатыми на груди, точно выточенными из мрамора, руками. Но распущенные волосы ее, волосы светлой блондинки, были мокры; венок из роз обвивал ее голову. Строгий и уже окостенелый профиль ее лица был тоже как бы выточен из мрамора, но улыбка на бледных губах ее была полна какой-то недетской, беспредельной скорби и великой жалобы. Свидригайлов знал эту девочку; ни образа, ни зажженных свечей не было у этого гроба и не слышно было молитв. Эта девочка была самоубийца - утопленница. Ей было только четырнадцать лет, но это было уже разбитое сердце, и оно погубило себя, оскорбленное обидой, ужаснувшею и удивившею это молодое, детское сознание, залившею незаслуженным стыдом ее ангельски чистую душу и вырвавшею последний крик отчаяния, не услышанный, а нагло поруганный в темную ночь, во мраке, в холоде, в сырую оттепель, когда выл ветер...Свидригайлов очнулся, встал с постели и шагнул к окну.",Ф.М. Достоевский_Преступление и наказание
"Утром страшный кошмар, несколько раз повторявшийся ей в сновидениях еще до связи с Вронским, представился ей опять и разбудил ее. Старичок с взлохмаченной бородой что-то делал, нагнувшись над железом, приговаривая бессмысленные французские слова, и она, как и всегда при этом кошмаре (что и составляло его ужас) чувствовала, что мужичок этот не обращает на нее внимания, но делает это какое-то страшное дело в железе над нею. И она проснулась в холодном поту.",Л.Н. Толстой_Анна Каренина
"Зато во сне, когда она не имела власти над своими мыслями, ее положение представлялось ей во всей безобразной наготе своей. Одно сновиденье почти каждую ночь посещало ее. Ей снилось, что оба вместе были ее мужья, что оба расточали ей свои ласки. Алексей Александрович плакал, целуя ее руки, и говорил: как хорошо теперь! И Алексей Вронский был тут же, и он был также ее муж. И она, удивляясь тому, что прежде ей казалось это невозможным, объясняла им, смеясь, что это гораздо проще и что они оба теперь довольны и счастливы. Но это сновиденье, как кошмар, давило ее, и она просыпалась с ужасом.",Л.Н. Толстой_Анна Каренина
"И снится Верочке сон. Снится ей, что она заперта в сыром, темном подвале. И вдруг дверь растворилась, и Верочка очутилась в поле, бегает, резвится и думает: «как же это я могла не умереть в подвале?» – «это потому, что я не видала поля; если бы я видала его, я бы умерла в подвале», – и опять бегает, резвится. Снится ей, что она разбита параличом, и она думает: «как же это я разбита параличом? Это бывают разбиты старики, старухи, а молодые девушки не бывают». – «бывают, часто бывают, – говорит чей‑то незнакомый голос, – а ты теперь будешь здорова, вот только я коснусь твоей руки, – видишь, ты уж и здорова, вставай же». – Кто ж это говорит? – А как стало легко! – вся болезнь прошла, – и Верочка встала, идет, бежит, и опять на поле, и опять резвится, бегает, и опять думает: «как же это я могла переносить паралич?» – «это потому, что я родилась в параличе, не знала, как ходят и бегают; а если б знала, не перенесла бы», – и бегает, резвится. А вот идет по полю девушка, – как странно! – и лицо, и походка, все меняется, беспрестанно меняется в ней; вот она англичанка, француженка, вот она уж немка, полячка, вот стала и русская, опять англичанка, опять немка, опять русская, – как же это у ней все одно лицо? Ведь англичанка не похожа на француженку, немка на русскую, а у ней и меняется лицо, и все одно лицо, – какая странная! И выражение лица беспрестанно меняется: какая кроткая! какая сердитая! вот печальная, вот веселая, – все меняется! а все добрая, – как же это, и когда сердитая, все добрая? но только, какая же она красавица! как ни меняется лицо, с каждою переменою все лучше, все лучше. Подходит к Верочке. – «Ты кто?» – «Он прежде звал меня: Вера Павловна, а теперь зовет: мой друг». – «А, так это ты, та Верочка, которая меня полюбила?» – «Да, я вас очень люблю. Только кто же вы?» – «Я невеста твоего жениха». – «Какого жениха?» – «Я не знаю. Я не знаю своих женихов. Они меня знают, а мне нельзя их знать: у меня их много. Ты кого‑нибудь из них выбери себе в женихи, только из них, из моих женихов». – «Я выбрала…» – «Имени мне не нужно, я их не знаю. Но только выбирай из них, из моих женихов. Я хочу, чтоб мои сестры и женихи выбирали только друг друга. Ты была заперта в подвале? Была разбита параличом?» – «Была». – «Теперь избавилась?» – «Да». – «Это я тебя выпустила, я тебя вылечила. Помни же, что еще много невыпущенных, много невылеченных. Выпускай, лечи. Будешь?» – «Буду. Только как же вас зовут? мне так хочется знать». – «У меня много имен. У меня разные имена. Кому как надобно меня звать, такое имя я ему и сказываю. Ты меня зови любовью к людям. Это и есть мое настоящее имя. Меня немногие так зовут. А ты зови так». – И Верочка идет по городу: вот подвал, – в подвале заперты девушки. Верочка притронулась к замку, – замок слетел: «идите» – они выходят. Вот комната, – в комнате лежат девушки, разбиты параличом: «вставайте» – они встают, идут, и все они опять на поле, бегают, резвятся, – ах, как весело! с ними вместе гораздо веселее, чем одной! Ах, как весело!",Н.Г. Чернышевский_Что делать
"...она бросилась на постель перед самым рассветом и задремала; но и тут ужасные мечтания поминутно ее пробуждали. То казалось ей, что в самую минуту, как она садилась в сани, чтоб ехать венчаться, отец ее останавливал ее, с мучительной быстротою тащил ее по снегу и бросал в темное, бездонное подземелие... и она летела стремглав с неизъяснимым замиранием сердца; то видела она Владимира, лежащего на траве, бледного, окровавленного. Он, умирая, молил ее пронзительным голосом поспешить с ним обвенчаться... другие безобразные, бессмысленные видения неслись перед нею одно за другим. Наконец она встала, бледнее обыкновенного и с непритворной головною болью.",А.С. Пушкин_Повести Белкина
"Пьер подошел к огню и тотчас же заснул. Он спал опять тем же сном, каким он спал в Можайске после Бородина.Опять события действительности соединялись с сновидениями, и опять кто-то, сам ли он или кто другой, говорил ему мысли, и даже те же мысли, которые ему говорились в Можайске.«Жизнь есть всё. Жизнь есть Бог. Все перемещается и движется, и это движение есть Бог. И пока есть жизнь, есть наслаждение самосознания божества. Любить жизнь, любить Бога. Труднее и блаженнее всего любить эту жизнь в своих страданиях, в безвинности страданий».«Каратаев!» — вспомнилось Пьеру.И вдруг Пьеру представился, как живой, давно забытый, кроткий старичок учитель, который в Швейцарии преподавал Пьеру географию. «Постой», — сказал старичок. И он показал Пьеру глобус. Глобус этот был живой, колеблющийся шар, не имеющий размеров. Вся поверхность шара состояла из капель, плотно сжатых между собой. И капли эти все двигались, перемещались и то сливались из нескольких в одну, то из одной разделялись на многие. Каждая капля стремилась разлиться, захватить наибольшее пространство, но другие, стремясь к тому же, сжимали ее, иногда уничтожали, иногда сливались с нею.— Вот жизнь, — сказал старичок учитель.«Как это просто и ясно, — подумал Пьер. — Как я мог не знать этого прежде».— В середине Бог, и каждая капля стремится расшириться, чтобы в наибольших размерах отражать его. И растет, сливается, и сжимается, и уничтожается на поверхности, уходит в глубину и опять всплывает. Вот он, Каратаев, вот разлился и исчез. — Vous avez compris, mon enfant, — сказал учитель.— Vous avez compris, sacré nom, — закричал голос, и Пьер проснулся.Он приподнялся и сел. У костра, присев на корточки, сидел француз, только что оттолкнувший русского солдата, и жарил надетое на шомпол мясо. Жилистые, засученные, обросшие волосами, красные руки с короткими пальцами ловко поворачивали шомпол. Коричневое мрачное лицо с насупленными бровями ясно виднелось в свете угольев.",Л.Н. Толстой_Война и мир _3 том
"Сон, который приснился в эту ночь Маргарите, был действительно необычен. Дело в том, что во время своих зимних мучений она никогда не видела во сне мастера. Ночью он оставлял ее, и мучилась она только в дневные часы. А тут приснился.Приснилась неизвестная Маргарите местность — безнадежная, унылая, под пасмурным небом ранней весны. Приснилось это клочковатое бегущее серенькое небо, а под ним беззвучная стая грачей. Какой-то корявый мостик. Под ним мутная весенняя речонка. Безрадостные, нищенские полуголые деревья. Одинокая осина, а далее, меж деревьев, за каким-то огородом, бревенчатое зданьице, не то оно — отдельная кухня, не то баня, не то черт знает что. Неживое все кругом какое-то и до того унылое, что так и тянет повеситься на этой осине у мостика. Ни дуновения ветерка, ни шевеления облака и ни живой души. Вот адское место для живого человека!И вот, вообразите, распахивается дверь этого бревенчатого здания, и появляется он. Довольно далеко, но он отчетливо виден. Оборван он, не разберешь, во что он одет. Волосы всклокочены, небрит. Глаза больные, встревоженные. Манит ее рукой, зовет. Захлебываясь в неживом воздухе, Маргарита по кочкам побежала к нему и в это время проснулась.",М.А. Булгаков_Мастер и Маргарита
"Странный и страшный сон мне приснился в эту самую ночь. Мне чудилось, что я вхожу в низкую темную комнату.. Отец стоит с хлыстом в руке и топает ногами; в углу прижалась Зинаида, и не на руке, а на лбу у ней красная черта... А сзади их обоих поднимается весь окровавленный Беловзоров, раскрывает бледные губы и гневно грозит отцу.",И.С. Тургенев_Первая любовь
"И опять уснул. И опять началось все то же, и озноб, и жар, и лихоманка, а оттуда, издали, где туман, выплыли двое этих верзил со скульптуры Мухиной, рабочий с молотом и крестьянка с серпом, и приблизились ко мне вплотную и ухмыльнулись оба. И рабочий ударил меня молотом по голове, а потом крестьянка – серпом по …цам. Я закричал – наверно, вслух закричал – и снова проснулся, на этот раз даже в конвульсиях, потому что теперь уже все во мне содрогалось – и лицо, и одежда, и душа, и мысли.",В.В. Ерофеев_Москва Петушки
"Да помилуйте! на самом интересном месте! Вдруг вижу я, маменька, будто иду я по саду; навстречу мне идет дама красоты необыкновенной и говорит: ""Господин Бальзаминов, я вас люблю и обожаю!"" Тут, как на смех, Матрена меня и разбудила. Как обидно! Что бы ей хоть немного погодить? Уж очень мне интересно, что бы у нас дальше-то было. Вы не поверите, маменька, как мне хочется доглядеть этот сон.",А.Н. Островский_Женитьба Бальзаминова
"Проснулась пани Катерина, но нерадостна; очи заплаканы и вся она смутна и неспокойна. ""Муж мой милый, мой дорогой, чудный сон мне снился"".""Какой сон, моя люба пани Катерина?""""Снилось мне – чудно, право, кажется: как будто виделось наяву и еще больше, чем виделось. Снилось мне, что будто отец мой – тот самый урод, которого мы видели на свадьбе у есаула... Но прошу тебя, не верь сну! Каких глупостей не приснится человеку, когда он спит. Будто я стояла перед ним, дрожала вся, боялась, от каждого слова его стонали мои жилы. А если бы ты услышал, что он говорил такое... """"Что же он говорил, моя золотая Катерина?""""Говорил: ты посмотри на меня, Катерина. Я хорош, люди напрасно говорят, что я дурен. Я буду тебе славным мужем. Посмотри, как я поглядываю очами. Тут навел он на меня огненные очи... я вскрикнула и проснулась"".",Н.В. Гоголь_Иван Федорович Шпонька и его тетушка _Черновой автограф
"Долго не мог он заснуть, уложившись довольно рано в свою постель. Наконец, сон, этот всеобщий успокоитель, посетил его. Но какой сон! Еще несвязнее сновидений он никогда не видывал. То снилось ему, что вкруг него всё шумит, вертится. А он бежит, бежит, не чувствуя под собой ног, вот уже выбивается из сил, вдруг слышит, кто то хватает его за ухо. ""Ай! кто это?"" – ""Это я, твоя жена!"" с шумом говорит ему какой то голос. И он вдруг пробуждается. То представлялось ему, что он уже женат, что всё в домике их так чудно, так странно: в его комнате стоит вместо одинокой двойная кровать. На стуле сидит жена. Ему странно: он не знает, как подойти к ней, что говорить с нею, и замечает, что у нее птичье лицо, оборачивается и видит другую жену тоже с птичьим лицом. Поворотился в другую сторону – стоит третья жена. Назад – еще одна жена. Тут он бросился бежать в сад, но в саду жарко. Он снял шляпу, видит и в шляпе сидит жена. Пот выступил у него на лице. Полез в карман за платком и в кармане жена; вынул из уха хлопчатую бумагу – и там сидит жена... То вдруг он прыгал на одной ноге. А тетушка, глядя на него, говорила с важным видом: ""Да, ты должен прыгать, потому что ты теперь уже женатый человек"". Он посмотрел на нее, но тетушка – уже не тетушка, а колокольня. И чувствует, что его кто то тянет веревкой на колокольню. ""Кто это тащит меня?"" жалобно проговорил Иван Иванович. ""Это я, жена твоя, тащу тебя, потому, что ты колокол"". – ""Нет, я не колокол, а Иван Федорович!"" кричал он. ""Да, ты колокол"", говорил, проходя полковник П*** пехотного полка. То вдруг снилось ему, что жена – это вовсе не человек, а какая-то шерстяная материя. Что он в Могилеве приходит в лавку к купцу. ""Какой прикажете материи?"" говорит купец. ""Вы возьмите жены. Это самая модная материя, очень добротная! Из такой все теперь шьют себе сюртуки"". Купец меряет и режет жену. Иван Федорович берет подмышку, идет к жиду, портному. ""Нет"", говорит жид: ""это дурная материя! с нее никто не шьет себе сюртуков"". В страхе и беспамятстве просыпался Иван Федорович. Холодный пот лился с него градом.",Н.В. Гоголь_Иван Федорович Шпонька и его тетушка _Черновой автограф
"Только под утро он разделся и уснул, и вот во сне явился к  нему маленького роста кошмар в брюках в крупную клетку и глумливо сказал:– Голым профилем на ежа не сядешь?.. Святая Русь – страна  деревянная, нищая и... опасная, а русскому человеку честь – только лишнее бремя.– Ах ты! – вскричал во сне Турбин, – г-гадина, да я тебя. –Турбин во сне полез в ящик стола доставать браунинг, сонный, достал, хотел выстрелить в кошмар, погнался за ним, и кошмар пропал.",М.А. Булгаков_Белая гвардия
"Петя стал закрывать глаза и покачиваться.Капли  капали.  Шел тихий  говор. Лошади заржали  и  подрались.  Храпел кто-то.– Ожиг, жиг, ожиг, жиг... – свистела натачиваемая сабля. И вдруг Петя услыхал стройный  хор  музыки, игравшей  какой-то неизвестный,  торжественно сладкий гимн. Петя был музыкален, так же как Наташа, и больше Николая, но он никогда  не  учился музыке,  не  думал о музыке, и потому мотивы, неожиданно приходившие ему в  голову,  были для него  особенно  новы и  привлекательны. Музыка играла  все слышнее и слышнее. Напев разрастался, переходил из одного инструмента в другой.  Происходило то,  что называется  фугой, хотя  Петя не имел ни  малейшего понятия о  том, что такое  фуга.  Каждый  инструмент,  то похожий на  скрипку, то на трубы – но лучше и чище, чем скрипки и трубы, – каждый инструмент  играл свое  и, не доиграв еще мотива,  сливался с другим, начинавшим почти то же, и с третьим,  и с  четвертым, и все они сливались  в одно и опять разбегались,  и опять сливались то в торжественно церковное, то в ярко блестящее и победное.""Ах, да, ведь это я во сне, -- качнувшись наперед, сказал себе Петя. – Это у  меня  в ушах.  А может  быть, это моя  музыка.  Ну, опять. Валяй  моя музыка! Ну!..""Он закрыл  глаза.  И  с разных  сторон, как будто издалека, затрепетали звуки, стали слаживаться, разбегаться, сливаться, и опять все соединилось  в тот же сладкий  и торжественный  гимн.  ""Ах, это прелесть что такое! Сколько хочу  и  как  хочу"",  –  сказал себе  Петя. Он попробовал  руководить  этим огромным хором инструментов.""Ну,  тише, тише, замирайте  теперь. – И  звуки слушались  его. – Ну, теперь  полнее, веселее.  Еще,  еще радостнее. – И из  неизвестной  глубины поднимались усиливающиеся, торжественные звуки. – Ну, голоса, приставайте!"" –  приказал Петя.  И  сначала  издалека послышались  голоса мужские,  потом женские.  Голоса  росли,  росли  в  равномерном  торжественном усилии.  Пете страшно и радостно было внимать их необычайной красоте.С  торжественным  победным  маршем  сливалась песня, и капли  капали, и вжиг, жиг,  жиг... свистела сабля,  и  опять подрались и заржали  лошади, не нарушая хора, а входя в него.Петя не  знал, как  долго это  продолжалось: он  наслаждался, все время удивлялся своему наслаждению и  жалел, что некому сообщить его. Его разбудил ласковый голос Лихачева.",Л.Н. Толстой_Война и мир _том 4
"А Святослав тревожный сон видел в Киеве на горах. «Этой ночью с вечера одевали меня, – говорил, – черною паполомою на кровати тисовой, черпали мне синее вино с горем смешанное, осыпали меня крупным жемчугом из пустых колчанов поганых и утешали меня. Уже доски без конька в моем тереме златоверхом. Всю ночь с вечера серые вороны граяли у Плесньска на лугу, и из дебри Кисановой понеслись к синему морю». И сказали бояре князю: «Уже, князь, горе разум нам застилает. Вот ведь слетели два сокола с отцовского золотого престола добыть города Тмуторокани, либо испить шеломом Дону. Уже соколам крылья подрезали саблями поганых, а самих опутали в путы железные. Темно стало на третий день: два солнца померкли, оба багряные столпа погасли и в море погрузились, и с ними два молодых месяца тьмою заволоклись. На реке на Каяле тьма свет прикрыла; по Русской земле рассыпались половцы…»",Перевод Д. Лихачёва_Слово о полку Игореве
"Зато ночью, во сне, что-то в нем прорывалось. Вместе с Мартой они отпиливали голову Пифке, хотя, во-первых, он был весь в морщинах, а во-вторых, назывался – на языке снов – Драйер. В этих снах ужас, бессилие, отвращение сочетались с каким-то потусторонним чувством, которое знают, быть может, те, кто только что умер, или те, кто сошел с ума, разгадав смысл сущего. Так, в одном из его сновидений, Драйер медленно заводил граммофон, и Франц знал, что сейчас граммофон гаркнет слово, которое все объяснит и после которого жить невозможно. И граммофон напевал знакомую песенку о каком-то негре и любви негра, но по лицу Драйера Франц вдруг замечал, что тут обман, что его хитро надувают, что в песенке скрыто именно то слово, которое слышать нельзя, – и он с криком просыпался, и долго не мог понять, что это за бледный квадрат в отдалении, и только когда бледный квадрат становился просто окном в его темной комнате, сердцебиение проходило, и он со вздохом опускал голову на подушку. И внезапно Марта, с ужасным лицом, бледным, блестящим, широкоскулым, со старческой дряблостью складок у дрожащих губ, вбегала, хватала его за кисть, тащила его на какой-то балкон, высоко висящий над улицей, и там, на мостовой, стоял полицейский и что-то держал перед собой, и медленно рос, и дорос до балкона и, держа газету в руках, громким голосом прочел Францу смертный приговор. Он в аптеке купил капель против нервозности и одну ночь, действительно, проспал слепо, а потом все пошло сначала, хуже прежнего.",В.В. Набоков_Король дама валет
"Сон, единственная отрада пленника, часто напоминал о тюрьме видениями чудесного бегства; тогда пробуждение ночью при свете затененной электрической лампы над дверью было еще мучительнее. Сон повторялся, бегство разнообразилось и, счастливо оканчиваясь, уводило его в сады, соединяющие над водой прекрасные острова, или Давенанта ловили. Он во сне видел себя в тюрьме, думая: «Это сон...» – и просыпался в тюрьме.",А. Грин_Дорога никуда
"Я как будто предчувствовал: сегодня мне всю ночь снились какие-то две необыкновенные крысы. Право, этаких я никогда не видывал: чёрные, неестественной величины! пришли, понюхали – и пошли прочь.",Н.В. Гоголь_Ревизор
"По ночам, когда она спала, ей снились целые горы досок и теса, длинные, бесконечные вереницы подвод, везущих лес куда-то далеко за город; спилось ей, как целый полк двенадцатиаршинных, пятивершковых бревен стоймя шел войной на лесной склад, как бревна, балки и горбыли стукались, издавая гулкий звук сухого дерева, всё падало и опять вставало, громоздясь друг на друга; Оленька вскрикивала во сне...",А.П. Чехов_Душечка
"Утомленный своим счастьем, он тотчас же уснул и улыбался до самого утра. Снился ему стук лошадиных копыт о бревенчатый пол; снилось, как из конюшни вывели сначала вороного Графа Нулина, потом белого Великана, потом сестру его Майку…",А.П. Чехов_Учитель словесности
"Легла она в постель рано, а уснула поздно. Снились ей всё какие-то портреты и похоронная процессия, которую она видела утром; открытый гроб с мертвецом внесли во двор и остановились у двери, потом долго раскачивали гроб на полотенцах и со всего размаха ударили им в дверь. Юлия проснулась и вскочила в ужасе. В самом деле, внизу стучали в дверь…",А.П. Чехов_Три года
"И вот я так раз озлобился и сижу да гляжу вполсна за лиман, и оттоль как облачко легкое поднялось и плывет, и прямо на меня, думаю: тпру, куда ты, благое, еще вымочишь! Ан вдруг вижу: это надо мною стоит тот монах с бабьим лицом, которого я давно, форейтором бывши, кнутом засек. Я говорю: ""Тпружи! пошел прочь!"" А он этак ласково звенит: ""Пойдем, Иван, брат, пойдем! тебе еще много надо терпеть, а потом достигнешь"". Я его во сне выругал и говорю: ""Куда я с тобой пойду и чего еще достигать буду"". А он вдруг опять облаком сделался и сквозь себя показал мне и сам не знаю что: степь, люди такие дикие, сарацины, как вот бывают при сказках в Еруслане и в Бове Королевиче; в больших шапках лохматых и с стрелами, на страшных диких конях. И с этим, что вижу, послышались мне и гогот, и ржанье, и дикий смех, а потом вдруг вихорь... взмело песок тучею, и нет ничего, только где-то тонко колокол тихо звонит, и весь как алою зарею облитый большой белый монастырь по вершине показывается, а по стенам крылатые ангелы с золотыми копьями ходят, а вокруг море, и как который ангел по щиту копьем ударит, так сейчас вокруг всего монастыря море всколышется и заплещет, а из бездны страшные голоса вопиют: ""Свят!""""Ну, – думаю, – опять это мне про монашество пошло!"" – и с досадою проснулся...",Н.С. Лесков_Очарованный странник
"...господин из Сан-Франциско вдруг вспомнил, что нынче ночью, среди прочей путаницы, осаждавшей его во сне, он видел именно этого джентльмена, точь-в-точь такого же, как этот, в той же  визитке с круглыми полами и с той же зеркально причесанной головою.",И.А. Бунин_Господин из Сан-Франциско
"Все закружилось под ним, как только он лег, понеслось в пропасть, и он мгновенно заснул. Во сне все время чувствовал он смрад железного умывальника, стоявшего возле самого его лица, а видел весенний день, деревья в цвету, зал большого барского дома и множество народа, со страхом ожидавшего, что вот-вот приедет митрополит, и это ожидание мучило, томило его всю ночь.",И.А. Бунин_Казимир Станиславович
"Раз приснился ему такой сон. Очень холодно, низкие тучи вдали над зеленями, над желто-красной грядой леса за ними. Возле грязной дороги едет он сам - древний, длинноволосый, в длинном полушубке на иссохшем длинном теле и поталкивает лаптем пегую кобыленку, глубоко вязнущую в сырой земле, комами выворачивающую зеленя. Нагнал его барский староста верхом, в седле, молча, злобно дал ему в душу. Он, Аверкий, молча, легко съехал со спины кобылы вместе с армяком, на котором сидел, повалился на колени, снял тяжелую шапку с лысой головы, стал плакать, просить прощения, говорить, что он глух, стар, слаб, едет к дочери... Оскалив зубы, староста стал драть его кнутом по чем попало, - и от боли и от ужаса Аверкий проснулся весь в слезах.",И.А. Бунин_Худая трава
"Снился Косте сон, будто он вырвал себе все зубы и оказалось, не зубы носил он во рту, а коробочку из-под спичек, да костяную прелую ручку от зубной щетки, и ноги будто у него не ноги, а окурки.Вот лезет он на этих окурках в пасть невиданно огромного граммофона. Трудно ему, труба гладкая, и режет глаз металлический резкий блеск. А нельзя не взбираться. Изодранные руки соскальзывают, и весь он назад катится, но упорно цепляется. Подымется нанемного – соскользнет, подымется нанемного, лезет и лезет. Из сил выбился, да и граммофон сужается: жмет, колет, сдирает ему волосы. И видит вдруг Костя – дыра перед носом. Заглянул, а там пропасть. Не миновать ее. Так страшно, будто по спине снегом трут. Изогнулся весь, надсадился, взмахнул рукой, зацепил за перекладину, но что-то схватило его, – проскочили ноги, не выдержала рука, – провалился. А мастер Семен Митрофанович, будто подпер бока, трясется от хохота:– Единичное, брат, единичное...",А.М. Ремизов_Часы
"Александр Иванович видел сон, будто эта дырявая туфля есть живое создание: комнатное создание, что ли, как собачка иль кошка; она самостоятельно шлепала, переползая по комнате и шурша по углам; когда Александр Иванович собрался ее покормить во рту разжеванным ситником, то шлепающее создание это своим дырявым отверстием его укусило за палец, отчего он проснулся",А. Белый_Петербург
"Через четверть часа я спал уже глубоким сном, и во сне мне виделись действительные черти, весело выскакивавшие из черного люка. Валек гонял их ивовым прутиком, а Маруся, весело сверкая глазками, смеялась и хлопала в ладоши.",В.Г. Короленко_В дурном обществе
"Покурив, уткнулся лицом в сено, пропахшее сухим донником и сладостным куревом июньских дней, незаметно уснул. Во сне он ходил с Аксиньей по высоким шуршащим хлебам. Аксинья на руках бережно несла ребенка, сбоку мерцала на Григория стерегущим взглядом. А Григорий слышал биение своего сердца, певучий шорох колосьев, видел сказочный расшив трав на меже, щемящую голубизну небес. В нем цвело, бродило чувство, он любил Аксинью прежней изнуряющей любовью, он ощущал это всем телом, каждым толчком сердца и в то же время сознавал, что не явь, что мертвое зияет перед его глазами, что это сон. И радовался сну и принимал его, как жизнь. Аксинья была та же, что и пять лет назад, но пронизанная сдержанностью, тронутая холодком. Григорий с такой слепящей яркостью, как никогда в действительности, видел пушистые кольца ее волос на шее (ими играл ветер), концы белой косынки... Он проснулся от толчка, отрезвел от голосов.",М.А. Шолохов_Тихий Дон
"Ей виделось что-то странное, цветное, она подсознательно смущалась безвкусной сентиментальности снов: вот она входит с мальчиком в какой-то дом по синему толстому ковру, мальчик уже сам идет — с куклой, их встречают Эрвин, мама, сосед по даче, который обещал жить миллион лет...",Ю.С. Семенов_Семнадцать мгновений весны
"И опять снится Пашке сон:Ждет его Настя на том самом месте, где встречала его во сне в первый раз.— Здравствуй, Павел.— Здравствуй.— Как живешь?— Ничего.— Идеал-то не нашел еще?Пашка усмехнулся.— Нет.— Помнишь сказку? — спросила вдруг Настя. — Бабушка тебе рассказывала...— Про голую бабу, что ли?— Да.— Помню.— Так вот, ты не верь: это не смерть была, это любовь по земле ходит.— Как это?— Любовь. Ходит по земле.— А чего она ходит?— Чтобы люди знали ее, чтоб не забывали.— Она, что, тоже голая?— Она красивая-красивая.— Хоть бы разок увидеть ее.— Увидишь. Она придет к тебе.— А если не придет? Ведь нельзя же сидеть и ждать, что придет кто-нибудь и научит, как добиться счастья. Будешь ждать, что придет, а он возьмет и не придет. Так и проживешь дураком. Правильно я рассуждаю?— Правильно. А учиться можно не только в школе. Жизнь — это, брат, тоже школа, только лучше.— И опять: если я буду сидеть и ждать...— Зачем же ждать, — перебивает его Настя. — Надо искать. Надо все время искать, Павел.— Так вот я ищу. Но я же хочу идеал!Опять засмеялся белобрысый. Пашка проснулся.",В.М. Шукшин_Живет такой парень
"Ночью ей приснилось: в пустой, узкой комнате, с окном, затянутым паутиной и пылью, на железной койке сидит человек в солдатской рубашке. Серое лицо его обезображено болью. Обеими руками он ковыряет свой лысый череп, лупит его, как яйцо, и то, что под кожурой, берет и ест, запихивает в рот пальцами.",А.Н. Толстой_Хождение по мукам
"Я кладу ее спать с собой оглаживаю ее, нюхаю и целую: пахнет она живой елкой радостным-новым чем-то, — снежком, зимой. Вижу во сне сугробы, снегом весь двор завален... копаю, и... лопаточка вдруг пропала, в снегу утопла!.. Проснешься, — ах, вот она!",И.С. Шмелев_Лето Господне
"А я — сон хороший видел: будто ловлю я рыбу, и попал мне — огромаднейший лещ! Такой лещ, — только во сне эдакие и бывают... И вот я его вожу на удочке и боюсь, — леса оборвется! И приготовил сачок... вот, думаю, сейчас...",М. Горький_На дне
"Никогда еще сон мой не был спокойнее; прелестные видения носились над моим изголовьем: то были бесконечные сады, облитые жарким солнечным сиянием; везде — в куще древес, в цветных радугах я видел прекрасное лицо моей Элизы, везде она являлась мне, но в бесчисленных полупрозрачных образах, и все они улыбались, простирали ко мне свои руки, скользили по моему лицу душистыми локонами и легкою вереницею взвивались на воздух... Но вдруг все исчезло, раздался ужасный треск, сады обратились в голую скалу, и на той скале явились мертвец и доктор, каким я его видал в космораме; но вид его был строг и сумрачен, а мертвец хохотал и грозил мне своим саваном. Я проснулся",В.Ф. Одоевский_Косморама
"Мне вот, всю ночь снилось, что надо разделить семьдесят восемь на четыре части. И вот уж будто разделила, поймала, а как написать, так и опять число забыла, и нету. И опять семьдесят восемь на четыре части — не умею, теряю, а знаю — надо. Так страшно это, так мучительно…",Е.И. Замятин_На куличках
"Ему приснился дикий сон: будто он ныряет, и его окружают тысячи рыб, и он пытается продраться сквозь их скользкие тела, и видит светлое у себя над головой, и понимает, что за этим близким пузырчатым светлым начинается небо, но жирные, медлительные карпы не дают ему выбраться наверх. Почувствовав тяжелое удушье, Взик испуганно закричал и проснулся.",Ю.С. Семенов_Альтернатива
"Сначала ему снился Петя Итакин, сидящий на вершине какой-то башни и играющий на длинной камышовой флейте, а потом приснился Аббас в переливающемся зеленом халате, который долго объяснял ему, что если нажать одновременно клавиши ""Shift"",""Control"" и ""Return"", а потом еще дотянуться до клавиши, на которой нарисована указывающая вверх стрелка, и нажать ее тоже, то фигурка, где бы она ни находилась и сколько бы врагов перед ней не стояло, сделает очень необычную вещь — подпрыгнет вверх, прогнется и в следующий момент растворится в небе.",В.О. Пелевин_Принц Госплана
"заснул приснилась мать ведет меня в обыденскую церковь я мальчик а у нее от спины отваливаются куски я ловлю их в авоську и плачу а вокруг поют христос, воскрес из мертвых и мамочка улыбается. ( )",В.Г. Сорокин_Месяц в Дахау
"И вот однажды снится ему сон, будто ангел господень, с вечно юным лицом, с улыбкой на устах, летит с неба, летит прямо к нему, останавливает свой полет над его головою, качается на дивных крыльях и, сказав: ""Нынче у храма св. Петра"", летит наверх петь бога.Он проснулся",А.И. Герцен_Легенда
"Что это какой я сон странный видела сегодня, — сидя за утренним чаем, начинает Марья Ивановна, искоса бросив взгляд в мою сторону. — Вижу, будто бы в детской потолок эдаким манером провалился и всех ребят и нас — всех задавил…",Г.И. Успенский_Очень маленький человек
"Однажды утром он рассказал ей удивительный сон.Ему не спалось, и сначала наяву он увидел, как по темному воздуху двигались и сплетались блестящие голубоватые фигуры вроде тех, что он как-то заметил в учебнике геометрии: круги, треугольники, ромбы и трапеции. Соединялись они в необыкновенно разнообразные узоры, такие красивые, что, казалось, ничего на свете не могло быть лучше их, хотя и были они одного цвета. Как будто вместе с ними носились какие-то инструменты каменщиков, совсем простые: молотки, отвесы, лопаты и циркули. Потом он заснул и очнулся в большой зале, наполненной одними мужчинами, посредине стоял большой стол, как на придворных обедах, с хор раздавались скрипки, флейты, трубы и контрабасы, а сам Иосиф висел в воздухе, сидя на голубом облаке. Внизу, прямо под ним, на маленьком столике стоял графин с чистой водой, и около находился голый мальчик с завязанными глазами; руки его были скручены за спину полотенцем. И Иосиф понял, что этот пир - в честь его; у него горели щеки, он чувствовал, как билось у него сердце, между тем как голубое облако, описывая мелкие (все мельче и мельче) круги, опускалось прямо на столик с графином. Ему было так радостно, что он проснулся, но и проснувшись продолжал чувствовать, как бьется его сердце и как пахнет вареным красным вином, смешанным с анисом и розами.",М.А. Кузмин_Чудесная жизнь Иосифа Бальзамо графа Калиостро
"На студента нашло тяжелое, чуткое забытье. Он видел бледные, неясные образы лиц и предметов и в то же время сознавал, что спит, и говорил себе: «Ведь это сон, это мне только кажется…» В смутных и печальных грёзах мешались всё те же самые впечатления, которые он переживал днём: съёмка в пахучем сосновом лесу, под солнечным припеком, узкая лесная тропинка, туман по бокам плотины, изба Степана и он сам с его женой и детьми. Снилось также Сердюкову, что он горячо, до боли в сердце, спорит с землемером. «К чему эта жизнь? — говорит он со страстными слезами на глазах. — Кому нужно это жалкое, нечеловеческое прозябание? Какой смысл в болезнях и в смерти милых, ни в чём не повинных детей, у которых высасывает кровь уродливый болотный вампир? Какой ответ, какое оправдание может дать судьба в их страданиях?» Но землемер досадливо морщился и отворачивал лицо. Ему давно надоели философские разговоры. А Степан стоял тут же и улыбался ласково и снисходительно. Он тихо покачивал головой, как будто жалея этого нервного и доброго юношу, который не понимает, что человеческая жизнь скучна, бедна и противна и что не все ли равно, где умереть — на войне или в путешествии, дома или в гнилой болотной трясине?И когда Сердюков очнулся, то ему показалось, что он не спал, а только думал упорно и беспорядочно об этих вещах.",А.И. Куприн_Болото
"А во сне ей опять приснилась голова... печальные глаза профессора Доуэля... Мисс Адамс убегала по каким-то корридорам, голова преследовала ее. Двери задерживали ее бег, открывались с трудом, голова настигала... Вот она уже слышит за собой шипящий свист воздуха...Мисс Адамс проснулась с сильно бьющимся сердцем…",А.Р. Беляев_Голова профессора Доуэля
"Приснился ему странный, путаный сон.Было даже удивительно, что именно такой сон мог присниться в его последнюю ночь. Он увидел что-то из детства и среди прочего незначительного и малопонятного какую-то нелепую сцену с отцовским маузером. Будто Сотников начал вынимать его из кобуры, неосторожно повернул в сторону и сломал ствол, который, как оказалось, был не стальной, а оловянный, как в пугаче. Сотникова охватил испуг, хотя в то время он был уже совсем не мальчишкой, а почти что нынешним или, возможно, курсантом — действие почему-то происходило в ружейном парке в училище. Он стоял возле пирамиды с оружием и не знал, как быть: с минуты на минуту здесь должен был появиться отец. Сотников бросился к пирамиде, но там не оказалось ни одного незанятого места, во всех гнездах стояли винтовки. Тогда он дрожащими руками рванул жестяную дверцу печки и сунул пистолет в черную, с окурками дыру топки.В следующее мгновение там засветился огонь — раскаленные пылающие уголья, в которых как будто плавилось что-то яркое, и он в совершенной растерянности стоял напротив, не зная, что делать. А рядом стоял отец. Но Сотников-старший даже не вспомнил про маузер, хотя у сына было такое ощущение, что он знал обо всем происшедшем за минуту до этого. Потом отец опустился перед топкой на корточки и вроде сожалеюще сказал шепелявым, старческим голосом: ""Был огонь, и была высшая справедливость на свете...""Сотникову показалось, что это из библии - толстая ее книга в черном тисненом переплете когда-то лежала на материнском комоде, мальчишкой он иногда листал ее желтые, источавшие особенный, обветшало-книжный запах страницы. Теперь ему было удивительно слышать, как библию цитировал отец, который не верил в бога и открыто не любил попов.Неизвестно, как долго горел тот огонь в печке, сознание Сотникова опять погрузилось во мрак. Наверно, не скоро еще он стал приходить в себя",В.В. Быков_Сотников
"Однажды приснился ему отец его, Константин Великий, державший на руках дитя, злое и сильное; Констанций, будто бы, взяв от него ребенка, посадил его на правую руку свою, в левой стараясь удержать огромный стеклянный шар; но злое дитя столкнуло шар — он упал, разбился, и колючие иглы стекла, с невыносимой болью, стали впиваться в тело Констанция — в глаза, в сердце, в мозг — сверкали, звенели, трескались, жгли.Император проснулся в ужасе, обливаясь холодным потом.",Д.С. Мережковский_Смерть богов. Юлиан Отступник
"Душный и нелепый сон снился Антону. Он шел по берегу Волги. Ноги вязли в горячем песке. И вдруг песок стал зыбким, стал затягивать его. А наверху по увалу шли четыре цыгана. Закат красил их бороды в рыжий цвет. Глаза цыган были закрыты. «Слепые!» – подумал в непонятном страхе Антон… Песок поднимался все выше и выше, он уже сдавливал грудь. «Карасик! Женька!» – закричал Антон, но никто не пришел. Наверху на скамейке сидела Настя и смеялась. Из реки вышел рыбак с сетью. У него были засученные выше колен штаны. Вода стекала с сухоньких волосатых икр. Рыбак снял сеть. Сеть упала на голову Антона, опутала руки. Он не мог теперь отбиваться от наступающего песка и уходил все глубже и глубже. Песок душил его, звенел в ушах, скрипел на зубах, вваливаясь в рот. Антон рвался изо всех сил, мычал, стискивал зубы.",Л.А. Кассиль_Кондуит и Швамбрания
"Спал эту ночь Алексей тревожно, и снился ему то занесенный сугробами аэродром и неведомой конструкции самолет ЛА-5 с птичьими лапами вместо шасси; в кабину будто бы лез технарь Юра, лез и говорил, что Алексей ""свое отлетал"", теперь его очередь летать; то дед Михайла в белой рубахе и мокрых портках будто парил Алексея веником на соломе и все смеялся: перед свадьбой-де и запарить не грех. А потом, под самое утро, приснилась Оля. Сидела она на перевернутой лодке, опустив в воду загорелые и крепкие свои ножки, легкая, тоненькая, какая-то вся светящаяся. Будто она, загородившись ладошкой от солнца, смеясь, манила его к себе, а он будто плыл к ней, но течение, сильное и бурное, тянуло его назад от берега, от девушки. Он все сильнее работал руками, ногами, всеми мускулами и подплывал к ней все ближе, ближе и видел уже, как ветер треплет пряди ее волос, как сверкают капли воды на загорелой коже ее ног...На этом он и проснулся, радостный, просветленный.",Б.Н. Полевой_Повесть о настоящем человеке
"Мне снился сон, светлый как никогда! Будто ты уехал от меня — о, ненадолго! — в маленький какой-то городок. Я отправилась на свидание с тобой. Это был наш и не наш город. Люди, встречавшиеся мне, светились добротой, готовые помочь мне искать тебя, звали отдохнуть, провожали там, где я могла заплутаться. И я шла по улице — какое странное название: улица Любви! — по тропинке через свежую и мягкую траву к большой, полноводной реке, и там был ты! — Сю-Те нашла руку Вир Норина и, снова засыпая, положила ее на щеку.",И.А. Ефремов_Час быка
"Под утро ему приснилось, будто он один в пустой даче, пронизанной мертвенным лунным светом, пробудился глубокой ночью от захлебывающегося лая собаки под стеной комнаты, где спал, и ужасом сжалось сердце, когда лай собаки оборвался, точно ее задушили, — и наступила такая тишина, какая бывает перед убийством. В этой лунной тоске, опутавшей всю дачу мутной паутиной, он услышал, как хрястнули, зазвенели стекла, затрещала под чудовищной силой рама и кто-то квадратный начал приближаться свинцовыми шагами к двери его мастерской. А тишина сжимала весь мир, и была такая тягость в этой всемирной безнадежности, что он задохнулся в одиночестве, прощаясь со своей неудавшейся жизнью, которую его друзья считали безоблачной, удачливой, счастливой... Потом кто-то в лунном сумраке голосом Марии сказал, чтобы он в последний раз пожалел себя, ее и семью, но ему стыдно было вслух просить прощения, а сердце разрывалось ужасом, и, задыхаясь, он вдруг прорвался куда-то сознанием, понял, что лай убитой собаки, безмолвие, страх ожидания — это лишь сновидение, что он не на даче под Москвой, а очень далеко от нее, в чужом отеле и что надо окончательно проснуться...",Ю.В. Бондарев_Выбор
"Потом мои мысли спутались, и я заснул. И увидел сон, будто ко мне приходит этот ночной сторож и ударяет меня кружкой по плочу. При этом говорит: ""Ну, что ты к сторожам пристаешь! Живем тихо, мирно. Караулим. А ты лезешь со своей амбицией. Портишь нашу тихую стариковскую карьеру"". Утром, проснувшись, я всетаки решил написать этот фельетон — без желания комулибо испортить карьеру.",М.М. Зощенко_Ночное происшествие
"От усталости и голода его клонило ко сну, и он сам не заметил, как задремал.Сначала ему приснился сад, по которому шла Маша в военной форме, с петлицами военюриста, потом приснилась квартира на Усачевке; в нее вошел человек с лицом Гитлера и голосом того вчерашнего, убитого бомбой штатского, попросил, нет ли чего поесть. Синцов стал шарить на боку наган, чтобы застрелить его, но нагана на боку не было...Он проснулся оттого, что",К.М. Симонов_Живые и мертвые
"Гадкий и страшный приснился Передонову сон: пришел Пыльников, стал на пороге, манил и улыбался. Словно кто-то повлек Передонова к нему, и Пыльников повел его по темным, грязным улицам, а кот бежал рядом и светил зелеными зрачками...",Ф.К. Сологуб_Мелкий бес
"Ночью Варваре приснился страшный сон. Иссохший от высокого чувства Васисуалий глодал белые шпоры на сапогах военного врача. Это было ужасно. На лице врача было покорное выражение, словно у коровы, которую доит деревенский вор. Шпоры гремели, зубы лязгали. В страхе Варвара проснулась.",И. Ильф Е. Петров_Золотой теленок
"Мне снится Черное море. Я ныряю со скалы в прозрачную, дрожащую солнечными иглами воду. А вокруг медузы – большие и маленькие, точно зонтики.",В.П. Некрасов_В окопах Сталинграда
"Брату приснилась его черноморская чаровница. Будто ее арестовали и он ее допрашивает. Ну что ж? И такое иногда случается, и никто от этого на стену не лезет. Опять-таки — такова уж профессия. Будто она стоит перед Романом, вперилась в него и молчит. А он отлично знает, что у нее или в ней таится какой-то страшный секрет, и как только этот секрет откроется — а для этого ей только стоит заговорить, — так ему тут же и конец. И вот он сидит за столом, смотрит на нее и не знает, что сказать, что сделать, как зажать ей рот. А она стоит, руки назад, пуговицы срезаны, смотрит на него и молчит.— Так ты что, в срезанные пуговицы заметил? — спросил Яков.— Их-то всего яснее, — ответил Роман, — обратил еще внимание: черные ниточки болтаются. Так вот так я испугался, так испугался! Будто дверь сейчас отворится, войдут и схватят меня. И от этого такая слабость, такая слабость! Будто вот — а-аа-а! — и упаду. И главное, сказать я ничего не могу, голоса нет, и смотреть на нее тоже не могу, вот так.",Ю.О. Домбровский_Факультет ненужных вещей
"А дворнику снилось, что из конюшни ушла лошадь. Во сне он искал ее до самого утра и, не найдя, проснулся разбитый и мрачный.",И. Ильф Е. Петров_Двенадцать стульев
"Мальчик так и уснул и всю ночь видел маленького желтенького олененка, который весело гулял по лесу со своей матерью",Д.Н. Мамин-Сибиряк_Емеля-охотник
"Снится ему, что он лежит на песчаной отмели моря, в том месте, куда их возят купаться, лежит на берегу моря и ждет, что вот-вот накатится на него большая холодная волна. Он видит эту прозрачную зеленую волну, как она подходит к берегу, видит, как пеной закипает ее верхушка, как она вдруг точно вырастает, подымается перед ним высокой стеной; он с замиранием и наслаждением ждет ее брызг, ее холодного прикосновения, ждет привычного наслаждения, когда подхватит его она, стремительно помчит к берегу и выбросит вместе с массою мелкого колючего песку; но вместо холода, того живого холода, которого так жаждет воспаленное от начинающейся горячки тело Тёмы, волна обдает его какими-то удушливым жаром, тяжело наваливается и душит... Волна опять отливает, ему опять легко и свободно, он открывает глаза и садится на кровати.",Н.Г. Гарин-Михайловский_Детство Темы
"И сны ей снятся такие, что не разберешь. То приснится, что Федот уж умер, то будто он пришел в девичью и говорит: ""А ведь я, сударыня, встал!""",М.Е. Салтыков-Щедрин_Пошехонская старина
"Сон Прохора неспокойный, огненный. Красное-красное -- кровь. Земля красная, небо красное, красная тунгуска в кумачах, шаманка: ""Бойе, друг, обними меня!.. Ну, крепче, крепче!"" Истомно, жарко Прохору, сладостно. И слышит он голос: ""Вставай, Прошка... Время!""Прохор проснулся.",В.Я. Шишков_Угрюм-река
"Под утро я задремал, и мне приснилось, что мы едем с отцом вдвоем на плоту но ровной, гладкой сияющей водной поверхности. Это океан. Наш корабль погиб, и только мы двое спаслись на этом плоту. У нас осталось пол кружки пресной воды.Мы оба умираем от жажды, по воду надо растянуть на возможно больший срок. И вот — отцу становится плохо. Он выпивает свою порцию воды. Но ему мало. Тогда я отдаю ему свою четверть кружки. Он пьет воду, долго-долго молча смотрит на меня и, наконец, ласково говорит:— Мой милый, мой любимый мальчик.Я вздрогнул и открыл глаза.",Н.К. Чуковский_Танталэна
"Наконец, утомление взяло верх над печальными думами молодой женщины, — и она забылась беспокойным сном. Матрене грезилось, будто бы она еще не замужем, и отправилась с подругами в лес по грибы. День выдался очень счастливый: солнышко еще далеко было от полудня, а девушки, весело щебеча, уже возвращались домой с полными кузовами. На опушке леса они остановились и вздумали отдохнуть. Матрена присела первая и звонким голосом затянула удалую песню. Вдруг из лесу выскочил с ревом огромный бурый медведь… Девушки взвизгнули, побросали свои кузовы и бросились врассыпную. Не успела Матрена еще подняться на ноги, как медведь подмял ее под себя… „Господи Иисусе Христе!” проснувшись в ужасе, прошептала Матрена, дрожа всем телом.",А. Горбачевич_На волосок от смерти
"Потом сморил сон.Ей снилась пушечная пальба. Страшные, оскаленные немцы поднимали пушки, приставляли их себе к животу и с хохотом били в людей. Большие огненные шары вылетали из стволов и рассыпались ослепительными брызгами, которые стучали по листьям подсолнечника, прожигали их и падали на руки, ноги и плечи Евы. Вдали виднелась мама, кричала, тянула к Еве руки, но подойти не могла, потому что перед ней прыгал немец с пушкой и всякий раз, как только мама хотела обойти его, отскакивал в ту же сторону и наставлял пушку.Тогда Ева сама побежала к ней, но немец выстрелил. Белый шар оглушительно лопнул, и мама пропала.Ева громко, отчаянно закричала…",Н.И. Катков_Ева
"В постели долго ворочалась, но потом Леокадию Егоровну обступили разные сны. То ей виделся Тюха, слышались выстрелы в лесу, орали совсем близко коты, то вдруг наступала тишина. И уже не во дворе и не в лесу оказывались они с Тюхой, а на сенокосе, где волнами ходили травы, и Леокадия Егоровна косила, а Тюха спасался от мошкары в озере поблизолько морду, и в даже по самые уши, выставив наружу только морду, и блаженно вздыхал.Внезапно исчезал сенокос, и Леокадия Егоровна видела себя опять в своем дворе, приходили чужие люди, требуя лосенка, а она с руганью гнала их от ворот, а там и на улицу, но приезжие вновь появлялись со стороны огорода. Лето неожиданно сменялось зимой, и не беспомощный телок,  а взрослый лось бродил у нее в огороде, разгребая копытами снег, и грыз капустные кочерыжки.На зорьке сон Леокадии Егоровны прервали собаки.",В.П. Стрекач_Тюха
"Клавдя больше не видела его, но дважды он приснился ей. Один раз — будто смотрит на нее во все глаза, берет за руку и говорит: «Милка моя». Во втором сне он шел по странной цветущей дороге, оглядывался на Клавдю, кланялся ей, не то звал, не то прощался. Клавдя хотела побежать за ним, но не могла двинуть ногами, проснулась в слезах и весь день думала: «Не помер ли?»",Л.Н. Сейфуллина_Собственность
"упал на нее и заснул. Перед ним предстал Менделеев с рогом в руках. “За луну, что ярко светит, чтоб нам, беднякам, дорогу заметить, с пути не сбиться, в овраг не свалиться, насмерть не разбиться!” Потом Менделеев спросил: “Ну как скамейка — холодная?” — “Очень холодная”, — ответил Иосиф. Потом к нему на скамейку подсела смерть–сиротка и шепнула: “Этот город играет с тобой в игрушки”. Потом приснился подвал со свечой и маятником. Потом стала сниться одна горящая свеча. Потом Иосиф открыл глаза и устало вспомнил",М. Беленький_Обсерватория
"А когда заснул, ему приснилось, что он пляшет по огромной, как гора, куче зеленого чая, что у него саднит ноги, и что Чен-Мы-Юю колотит его длинной бамбуковой палкой, а из-за угла выглядывает больной кули, и громко хохочет…",Н.В. Дмитриева_Чай
"Потом ему казалось, что он лежит в шинели на диване не наяву, а в тяжелом полусне, между сном и явью.Все то же, как и наяву, — беззвучная мгла, его кабинетец, — и все не то. Все изменено, ужасно, громадно. Его письменный стол навеки повис в мутной бездне, и он сам, со своим диваном, навеки заключен в застенок.Тогда, ища защиты, спасения, он переступал по тюфяку грязными сапогами, прижимался лбом к черному образу Серафима. В столе от давнишней заутрени была красная свеча. Он зажигал свечу, водил по иконе, вглядываясь в Серафима, и дорожка копоти чернела на красном ангельском плаще.Лика Серафима он не видел, точно лик вынули и на месте его осталась черная пустота. Он понимал, что снится, что он не брал свечи из стола и нет у него вовсе никакой красной церковной свечи, и хотел отступить от темного лика, бежать, проснуться — и не мог.",И.С. Лукаш_Бедная любовь Мусоргского
"Наташа стала засыпать... Какие-то приятные грезы туманили стриженую голову. Девочке представлялось, что с ней случилось нечто необыкновенное, что завтра, когда она проснется, у нее будет что-то новое, радостное, хорошее.",К.В. Лукашевич_Дядюшка-флейтист
"А сны ему снились странные. Ну, например: на асфальте двух проспектов (обязательно этих двух – Ленинского и Ленинградского) произрастает пшеничка: тощие колоски-заморыши, зернышки щуплые, стебельки тонюсенькие. Смирнов их рассматривает внимательнейше, так, что и его тоже начинают рассматривать прохожие, главным образом пожилые женщины.– Это, – говорят они, – что? Вот на Ленинградском, там хлеб еще гораздо хуже!Смирнов же в свою очередь объясняет женщинам: – Это – нормально, – говорит он, – и называется «коммунистический капитализм»!Понятно? – И объясняет дальше и дальше, и начинает радоваться подобию уверенности в своих объяснениях, подобию доверия к нему со стороны своих слушательниц, подобию реальности всего происходящего и еще многим-многим подобным же подобиям. Просыпаясь, он уже знает: не то!",С.П. Залыгин_После инфаркта
"Ночью Сидельникову приснилась Роза. Был разговор, легкий, ни о чем. Но смущал и пугал платок у нее на голове, повязанный задом наперед, полностью занавешивающий лицо, словно это не лицо, а затылок. Сидельников спросил, зачем она так надела.— Тебе лучше не видеть, как я сейчас выгляжу.Еще поговорили о чем–то незначительном, и она сказала безо всякой связи:— Зато я теперь знаю о тебе все. Ты только не бойся ничего, ничего не бойся.",И. Сахновский_Насущные проблемы умерших
"лег и на этот раз быстро уснул. Уснул, как утонул в теплой воде, не успев даже укрыться одеялом. И сразу же приснилась зима, холодное море, льды. Дует Тлани-ла — ветер с моря, идут к берегу нерпы и сивучи. Нерп много, сивучей меньше. Тавазга ищет сивуча. Вдруг видит — перед самой лодкой выныривает огромная голова таухурша. Голова рыжая. «Это счастливый сивуч!» — думает Тавазга, целится и стреляет.От выстрела он проснулся — оказывается, старуха вышла во двор и сильно хлопнула дверью.",А.С. Ткаченко_Рыжий сивуч
"И накрыл меня сон, как океанская волна. Странный то был сон, под стать странностям минувшего дня.Привиделось, что опять катим с Гранд-Игорьком по Тверскому, но уже за рулем — я. И опять выныривает из кустов собака, на сей раз афганская борзая, а вослед семенит безобразная горбунья. Выворачиваю левей, торможу, но поздно, поздно… Удар! — горбунью отбрасывает капотом к бордюру — я выскакиваю, оттаскиваю обмякшее тело на газон — и узнаю залитое кровью лицо, — Мария. Сразу в небесах возникает одна из ее мелодий, сквозь тело Мариино начинают прорастать травы, цветы, фруктовые деревья, крохотные поначалу, и по мере того, как дерева у меня на. глазах вытягиваются ввысь, Мария удлиняется, расширяется, расплывается, уже заполняя собою, мертвою и цветущей, весь Тверской бульвар…",Ю.М. Медведев_Яко Ветроград во цветении
"– Ты послушай... Приснилось мне, что я вышла из своей квартиры и попала в какой-то тупик – ни обратной дороги не найду, ни вперед двинуться. Туда, сюда бегу, дворик наш где-то рядом, совсем близко – а найти не могу. И такая тут смертная тоска, такой ужас... Понимаешь? Кажется, все бы отдала, чтобы у нашей шелковицы оказаться, ничего больше не нужно... И тут слышу твой голос: «Инна, Инна!..» Ты вот так же тогда говорил – ну, когда мы встречались, помнишь?Инна замолчала, потрясенный Валера тоже молчал. Показалось ему или нет, только он расслышал слабый всхлип в темноте.– И я пошла на голос, и вышла прямо сюда, где сейчас стою. Никогда лучше мне не было, знаешь. Долго потом, как проснулась, лежала и думала. О тебе думала...",Г.А. Немчинов_Одесский дворик
"За два дня до отъезда мне приснился сон, что случается со мной крайне редко.Я даже считаю бессонной ночь со сновидениями.Мне приснилось, что я в Москве, что стоит страшная жара и я в троллейбусе снимаю с ног сабо и выхожу, забыв их надеть.Начинаю искать свои башмаки, звоню по троллейбусным паркам, и при том испытываю ужасную неловкость перед ним, потому что еще оказывается, что всё это время он рядом, но мне не до него, то-то и стыдно, что не до него, и я говорю себе в оправдание: «Что же делать: не ходить же мне босой!» – и тут же понимаю, что ложь ужасна, ибо вот в углу – вдруг какой-то подвал и сундук в углу, а на нем стоит пара моих же туфель, других, на каблуке… Он видит их, и я просыпаюсь от уже просто невыносимого стыда.",В.И. Беломлинская_Когда вакханки безумны
"К утру он все же заснул.И сразу же ему приснился ранимый Велизарий Аркадьевич из особняка в стиле «модерн». Был он гипсовый и голый и походил на Грету. Велизарий Аркадьевич упал на колени перед Иваном Афанасьевичем, обхватил голову руками и сказал кротко: «Ах, не бейте меня, Иван Афанасьевич, тяжелым табуретом. Потому что все во мне целиком от высокой духовности». – «Ну что вы, что вы, зачем мне, – растерялся Иван Афанасьевич, – разве я злодей какой?» И тут он проснулся в холодном поту.",В.В. Орлов_Что-то зазвенело
"Мне даже как-то приснился скелет, понимаете, пористый скелет, который всасывает в себя тело; от него, от тела, осталась только липкая какая-то перепонка, но ненасытный скелет засасывает и её; а сам он, заглотавший тело, разбух, раскостился и из белого стал розовато-красным и широкопорым, гадость такая.",С.Д. Кржижановский_Случаи
"А другой раз, сейчас мне это кажется даже забавным, приснилось дерево на откосе, над вертикалью срыва: дерево было похоже на дикую вишню, но только вместо вишен с тонких зелёных черенков свесилось множество жёлтых копеек; копейки – на моих глазах – растут и круглятся в пятаки, пятаки, подёргиваясь серебристым налётом, разбухают в серебряные рубли. Я тянусь к дереву монет, взбираюсь по круче, вот-вот дотянусь, и на меня брызнет дождь монет; но песок под ногами осыпается, и я съезжаю вниз. Хоть бы ветерок, хоть бы лёгкий удар воздухом, чтобы сорвать хоть несколько серебряных плодов. Но вкруг дерева полное безветрие и ветви его застыли.А тут ещё – я возвращаюсь в явь, доктор",С.Д. Кржижановский_Случаи
"Под утро, вдруг заснув, она увидела сон – во время прогулки по лесу к ней навстречу выскочил огромный, страшный зверь, и принялся звать ее на помощь голосом Реймонда. Она проснулась от собственного крика.",М. Хужаев_Волшебная книга
"Время от времени мне снился Вадим. Сон повторялся в течение многих лет, однообразный, явственный: я шел по Невскому и встречал Вадима. Он ахал: «Не может быть, неужели ты остался в живых?» Он недоверчиво радовался: «Значит, ты не погиб?» Слегка оправдываясь, я рассказывал про себя и почему-то стеснялся спросить его… После войны я долго еще не верил, что он погиб, во сне же все переворачивалось, он удивлялся, что я уцелел. Он оставался таким же тоненьким, бледным. Глаза смотрели чисто и твердо, он слегка заикался, чуть-чуть в начале фразы. О Кате мы избегали говорить. Катя вышла замуж в сорок седьмом. Выяснилось, что Вадим работал в институте, в таком институте, что я и не мог ничего знать о нем. Но теперь, поскольку я нашелся, мы снова будем вместе.Я любовался им, резким и прямодушным лицом его, я блаженствовал, молол какую-то восторженную чушь. Вадим подшучивал надо мной, все, что он говорил, было точно, неопровержимо, я, как всегда, чувствовал его превосходство, завидовал и корил себя за эту зависть. Где он был все эти годы, я не мог понять, я знал лишь, что если начну допытываться, то будет нехорошо, что-то случится. Мы шли по Невскому, я крепко держал его за руку. Проспект был нынешний, с метро, с подземными переходами, с незнакомой толпой. Когда-то мы обязательно встречали приятелей, наших сверстников, ребят из соседних школ, студентов, когда-то Невский был полон знакомых.…Я просыпался и долго не мог понять, куда все подевалось.",Д.А. Гранин_Дом на Фонтанке
"Слышь, Сысойко, какой я сон видел... Ходили мы в Перми, дома все инакие, огромнеющие — ужасти! Церквей сколь!.. Хлеба так и накладена целая гора... Набрали мы много хлеба... Идем-идем, да и очутились в реке, и хлеба нет, — невод тащим... Вытащили — ничего нет; ошшо пошли, много достали рыбы... Столь много, што ужасти... Потом мы в варнице очутились... Печь большая-пребольшая; все дрова кидают, и мы кидам... Только кидам-кидам так-ту дрова, и вижу я в печке-то Апроську... Кричит она: тятька, вытащи! тятька, вытащи!.. Ужасти... Стою я и не смею в печку водти, а только тебя жгет-жгет, и сам будто ты в Польше стал. Кричу я эдак, а меня в печку толкают... Вот дак сон.",Ф. М. Решетников_Подлиповцы
"Страшный сон, сон ужасный. Мне снилось, будто в один жаркий день, в июле месяце, я лег отдохнуть в верхнем жилье моих Кремлевских палат. Внезапный холод пробудил меня. Глухой шум поражает слух мой. Иду к окну и вижу, что снег покрыл землю выше кровель. Люди выгребаются из-под снега с воплями отчаяния, ветер ревет и холодным дыханием губит тысячи – но солнце ярко светит на небе. Тревога взволновала душу мою: бегу искать семью и нигде не нахожу. Нижнее жилье завалило снегом, твердым, как лед. Стужа проняла меня до костей. В отчаянье бросаюсь я в окно, смешиваюсь с толпою народа; вижу моих приближенных, царедворцев, жалостно спрашиваю: где жена моя, где мои дети? Меня не узнают или не хотят знать и дерзко отталкивают. Жалость замерла в душах. ""Жгите чертоги царские, жгите храмы Божьи!"" – вопиют со всех сторон; но при всем усилии невозможно развести огня! Вся природа потеряла живительную силу, всякая пища и питье, оледенев, превратились в камень. Люди стали бросаться на своих братии, как бешеные звери, и пожирать живьем друг друга. Подхожу к одной толпе и – о ужас! – вижу, что изверги сосут теплую кровь из жены и детей моих! Хочу броситься на злодеев – но седой старец удерживает меня за руку. ""Поздно, Борис, все свершилось! – сказал он, – страшная наука для тебя, сильный земли! Видишь ли солнце: оно ясно светит на небе; оно не потухло, но утратило теплоту свою – и мир погиб! Горе рабам, если любовь к ним угаснет в сердце их господина; горе господину, если сердце его остынет…"" Старец хотел продолжать, но вдруг пронзительный, болезненный вопль моего детища, моего милого Феодора, раздался в ушах моих; дыханье сперлось в груди моей, ум помрачился, я вскрикнул и – проснулся!",Ф.В.Булгарин_Димитрий Самозванец
"Приснился ему жуткий сон. Будто бы они с Катериной, с бывшей женой, несутся по широкой реке на парусной лодке. Ветер свищет в парусах, брызги летят. Катерина забилась в маленькую каютку и смотрит на Павла Александровича будто напуганная кошка. И все просит остановить. А как остановить — он и сам не знает. Рядом так же быстро несется пароход. Узкий такой, востроносый. И кажется, вот-вот они бортами стукнутся и разобьются. А тут еще на лодочке маленькой, между ними, Коленька, сынок. Зуев кричит ему; «Осторожней, раздавим тебя!» А Коленька смеется. Борта все ближе и ближе, и оттолкнуться от того парохода нечем. Но проскочили, не задели сына. И теперь уже впереди головы из вода торчат, люди купаются. И отвернуть нельзя. Зажмурился Павел Александрович, слушает, не чиркнет ли лодка днищем по голове кому-нибудь из купальщиков. Нет. Проскочили и головы. И еще под мостом нависшим проскочили. Попали на пристань, на конечную. Откуда назад поворачивать. Отлегло у Зуева от сердца — никого вроде не задел, не повредил. Повернул он лодку назад, а та медленно опускаться стала. Вода по ногам плещет, каюту залило. И Катерина уже не Катерина, и впрямь, кошка черная. У Павла Александровича вода уже по щиколотку, потом по колено. Паруса, словно флаги мокрые, обвисли. Горько стало ему на сердце. С этим ощущением горечи и подступающих слез он и проснулся.",С. Высоцкий_Война с одуванчиками
"Сегодня тебя видел во сне, все запомнил и могу тебе описать. Как будто уже лето, ты идешь по тропинке вдоль длинного зеленого забора. На голове у тебя газовая косынка с горохами, а какое платье, что-то не припоминаю, вроде бы без рукавов. Слева, значит, у тебя этот зеленый забор, а справа дорога профилированная и кювет глубокий, а в кювете травища вымахала, чертополох, какая и не поймешь, потому что вся она серая от пыли. Но что интересно, ты идешь одна, а разговариваешь, как будто я с тобой рядом иду. А меня нет. Слышать я все слышу, все понимаю, отвечаю тебе, а меня нет. Такая чертовщина. Ты говоришь: раньше-то куда с добром, отдоилась – и до дому напрямки, пять минут. И обед сготовить успеешь и управиться. А теперь пошагай-ка вокруг этого забора в резиновых сапогах-то, все ноги спаришь. А время-то сколько зря уходит. Я говорю: что-то не помню этого забора. Когда его построили? А вот, говоришь, как ты уехал, так спустя маленько и поставили. А я говорю: а зачем он понадобился? Не знаю, мол, для красоты, наверное, нас никто не спрашивал. Вот так мы с тобой побеседовали. Ты вроде с утренней дойки домой торопишься, а я, как невидимка, где-то рядом парю. Забору конца не видать, а мы с тобой уже все сказали, молчим. Я тебя спрашиваю: что ты все молчишь, вроде давно не виделись. А ты: что рассказывать, я, мол, все на месте, ты, дескать, путешествовал. Ну, говорю, ездил, болтался, а лучше дома нигде нет. А ты говоришь: «Бреши больше». А босоножки, что я тебе заказывала, привез? Погляди, в каких я чунях по жаре шландаю. Я глянул, а у тебя резиновые сапоги прямо на голые ноги обуты. И все в назьме. И так мне тебя жалко стало, что высказать не могу.Вот видишь, что приснилось.",В. Мурзаков_Здравствуй Тоня
"В самолете ей даже на секунду приснилось, как она кладет дочь на обе лопатки и коленом выдавливает у той из брюха еённую беременность.",А. Кустарев_Вальс
"Лиля закрыла глаза, задремала, и во сне ей привиделся лейтенант, ехавший вместе с ней в странную, неизвестную, неизвестно какую сторону. Тогда она проснулась.",А. Кустарев_Вальс
"Господи, какой мне страшный сон приснился... Какой-то огромный ком земли стоит в углу, и из него торчат корни... И твоя рука... И она ко мне тянется, мол, помоги... Что ты спишь в шарфе, горло заболело? Дай я тебя укрою, моя маленькая... Я плакала во сне...",Л. Петрушевская_Чёрное пальто
"заснул, едва поезд отошел от Перми. Он всегда спал без снов, но на этот раз ему приснился молочно-белый кувшин, сквозь который он старался рассмотреть идущих ему навстречу беспечно посвистывающих людей. Там, за стеклом, был Ленинград. Петя радостно вздохнул, не просыпаясь.",В.А. Каверин_Кусок стекла
"А ночью мне был явлен сон. Начинался он великолепно. Приснилось мне, будто я уже получил столь долгожданную кооперативную квартиру и въезжаю в нее, точнее, иду я туда только впервые, но знаю, что и живу там, и мебель расставлена, и все, как я хочу, – и обои, и свет, – вхожу я в нее, дергаю за выключатель, и все мне не то чтобы нравится, а уже как-то привычно, по-моему, и воздух вполне живой, и иду я на кухню чайник ставить, потому что на улице яркое морозное утро, именно такое, когда крепкий чай у хорошо проклеенного окна – сплошное блаженство, но на кухне почему-то тьма, и я зажигаю свет, и тут тоже все по-моему – и по цвету и вообще; я шторы раздвигаю, а там звезды, – Млечный путь – красивые и безразличные, но я этой космической тьме почему-то не удивляюсь, ставлю, как и хотел, чайник, и иду в комнату, а там тоже тьма, и зажигаю я свет и лениво радуюсь уюту, иду к проигрывателю – музыку тихую поставить, – и вдруг вижу дверь в противоположной стене, и иду я к ней и открываю ее, а там темная комната (это в однокомнатной-то квартире), но и это меня почему-то вовсе не удивляет, я зажигаю свет и вижу свою комнату и иду к проигрывателю и вижу еще одну дверь напротив – и открываю, а там оказывается еще одна комната, а за ней еще и еще, и каждая повторяет первую – и обои, и шторы, и мебель – все такое же, и вдруг понимаю, что назад хода нет, и оборачиваюсь и действительно вижу глухую стену и уже почти бегу вперед, в следующие двери, и комната повторяет комнату до самой последней мелочи, и только паркет вроде бы становится с каждым шагом все мягче и мягче, и я опускаю взгляд и вижу под собой лица людей, словно покрытые водой с тонкой ледяной корочкой паркетного лака, и они открывают рты, и лица эти, искаженные гримасой невыразимой боли, словно зовут меня, но я бегу все дальше из комнаты в комнату и нет мне хода назад, и все паутиннее становится пленка, по которой я бегу, и уже почти касаюсь я запрокинутых лиц – лбов, носов, но нет мне дороги назад, и я уже почти слышу идущий снизу нутряной стон и бегу дальше, стараясь не наступать на глаза, бегу вперед, пока передо мной не распахивается звездная мгла, полная предсмертного звериного клокотания...Так я проснулся и сел на кровати, но этот полустон, полумычание не исчезло вместе со сном, оно заполнило комнату",А. Антонович_Тихие соседи
"наевшись перепелок с брусникой, она проснулась ночью с криком: ей приснился Бурмистров, выпускающий изо рта толстенного питона",В.Г. Сорокин_Лошадиный суп
"Слабость после рыданий опять потянула в сон.Оле приснилось, что она в больнице, где матери оперировали грудь, и что она идет по больничному коридору к ней; входит в палату №16 и видит мать, сидящую на кровати и смотрящую на себя в ручное круглое бабушкино зеркало; мать совсем голая и веселая. ""Оленька, посмотри, как мне резанули!"" - дает она ей зеркало; но Оля и без зеркала видит, что обе груди на месте. ""Они же обманули тебя, мама, и ничего не сделали!"" - Оля с возмущением трогает правую грудь матери с твердым уплотнением внутри. ""Ты неправильно смотришь, - мать дает ей зеркало. - Смотри туда!"" Оля смотрит на тело матери через зеркало и видит, что у матери в теле вырезан чудовищный угол - правое плечо с правой грудью исчезли. ""Теперь надо смотреть под этим углом, улыбается мать. - В него видно все самое важное. То, что надо делать"". Оля всматривается в угол на теле матери, и сквозь него действительно все видится по-другому, как бы по-настоящему; она наводит тело матери, как лупу на виднеющуюся в окне Москву и видит яркую надпись: ""КОМБИКОРМ"". ""Иди скорей, они в пять закрываются, - советует мать. - Беги напрямую через помойку!"" Оля бежит через громадную помойку, проваливаясь по пояс в зловонные нечистоты, выбегает на улицу и оказывается возле громадного здания с сияющей надписью ""КОМБИКОРМ""; Оля дергает ручку огромной двери, но дверь заперта. ""Я умру с голоду!"" - с ужасом понимает Оля и стучит в дверь. ""Девушка, чего вы ломитесь! У них всегда до пяти!"" - раздается голос рядом; Оля видит старуху. ""Я умираю с голоду!"" - рыдает Оля; ""Идите к кладовщику с черного хода"", советует старуха; Оля пролезает в бетонную щель и оказывается в огромном складском помещении, заваленном всякой всячиной; она идет и вдруг видит маленький столик в углу; за столиком сидит Лошадиный Суп с консервной банкой в руке; он молод и как-то печально-красив; не обращая на Олю внимания, он консервным ножом открывает банку; в банке пустота, но эта пустота и есть НАСТОЯЩАЯ ПИЩА; от нее идет пьянящий вкусный запах невероятной силы; Лошадиный Суп достает ложку и начинает есть из банки. ""Дай мне! Дай мне!"" кричит Оля, ползая на коленях, но он не слышит и не видит ее; стоя на коленях, Оля ловит ложку ртом, но ложка мелькает быстро, как пропеллер, насыщая Бурмистрова: банка - рот, банка - рот, банка - рот; Оля подставляет свой рот совсем быстро, и ее больно бьет ложкой, выбивая зубы.- Зайка! Зайка! Зайка! - Алеша тряс ее за подбородок.- А? - очнулась она.",В.Г. Сорокин_Лошадиный суп
"Слепцову приснилось, что он сидит в устланном соломой окопе и курит махорку, а рядом с ним дремлет капитан Нечаев, командир батальона. Слепцов внимательно смотрит на бледное, усталое лицо Нечаева, на его мокрую, набухшую шинель. Длинные ресницы Нечаева опущены, они влажны от дождя, нежно перепутаны и приклеены к подглазьям. Слепцов должен разбудить капитана, потому что обязан сообщить нечто очень важное. Он мучительно вспоминает, что именно он обязан сообщить, и не может. Но вдруг он слышит рядом с собой детский плач, и тогда он почему-то вспоминает, что должен был сказать капитану Нечаеву. Он должен был ему сказать, что исполнил его предсмертное завещание - приехал в Москву, к его семье, и передаст ей все, что обещал передать. И тут Слепцов во сне вдруг спохватывается, что Нечаев-то сидит рядом живой и, следовательно, не мог еще сказать ему предсмертных слов. И Слепцову становится страшно, и он хочет разбудить Нечаева, но боится, что если он его разбудит, то Нечаев сразу умрет, раз он уж и так умер. Во сне Слепцов понимает, что все это какая-то ""мура"", несусветица, и ему приходит в голову, что, может быть, Нечаев не умер, а Слепцову только снилось, что комбат умер и, умирая, просил побывать в Москве у его семьи; и даже то, что война кончилась, Слепцову тоже только приснилось здесь, в окопе. И Слепцов опять чувствует всю запутанность ситуации, но никак не может из нее выпутаться. Но что действительно кажется совсем реальным, то это плач ребенка рядом. Слепцов по этому поводу удивляется - как здесь очутился ребенок, может быть, где-то поблизости скрываются беженцы, бездомные. Слепцов глядит поверх бруствера и видит невдалеке маленький городишко, пестрый, с желтыми и розовыми домиками, явно нерусский - вероятно, один из тех венгерских городков с труднопроизносимыми названиями, которых Слепцов немало навидался, перед тем как вражеская разрывная пуля раздробила ему руку.В этот миг ресницы Нечаева вздрагивают и с трудом отлепляются от лица, Нечаев открывает свои большие глаза и взглядывает на Слепцова взглядом неторопливым, всевидящим и как бы очень успокоенным и довольным.Слепцов, похолодев, проснулся.",Э. Казакевич_При свете дня
"Часто Мария засыпала с такими грезами перед барельефом, и во сне ей снился тот же бог Марс, с благородным лицом дивной красоты, и его божественные, обжигающие объятия. И, проснувшись, Мария не знала, было ли то во сне или наяву.",В.Я. Брюсов_Рея Сильвия
"Я сегодня сон видела, зловещий такой…– Я сама – тоже. Будто отец твой, муж мой, обратился в медведя, еще страшнее стал, да и…",Н.Э. Гейнце_Новгородская вольница
"на секунду снова заснул, и ему приснилось, будто он ребенком лежит в постели, смотрит на небо, заточенное в переплет окна, и, зная, что там, за окном, прекрасное росистое утро, слушает густой колокольный благовест... Затем он уже окончательно проснулся и поморщился.",Б.А. Губер_Сыновья
"Скоро сон сомкнул очи Лисовского и уста Владимира. Но страшными сновидениями перерывалась его тяжелая дремота. Тише и тише кипела кровь, воспаленная гневом… Волнение уходилось, и предрассветный ветерок обвеял свежестью его чувства. И вот чудится Владимиру шелест шагов; кто-то, наклонившись над ним, шепчет в ухо: «Владимир!..» — и он, трепеща, полусонный, хватается за пистолет и, поднявшись на руку, стремит изумленные взоры на пришельца; перед ним молодой казак стоит в сиянии месяца… нерешительно снимает он шапку свою, и длинные волосы распадаются по плечам, замирающий знакомый голос повторяет: «Владимир!» Это — Елена!— Не дивись, Владимир, — говорила она, — что, откинув девичью робость и стыдливость, я пришла к тебе сквозь все опасности. Долго любя тебя как брата и теперь любя брата твоего более себя, я была поражена твоей нежданною переменой; меня измучила мысль, что я тому виною; я решилась за то дерзнуть на все, пожертвовать собою для спасения родины, для спасения твоей славы, твоей души. Так, Владимир!.. Я буду твоею, я постараюсь сделать тебя счастливым, я научусь любить тебя, — но будь же достоин моей любви и уважения всех — покинь это гнездо отступников; твой пример повлечет за собою тысячи русских изменников, твоя храбрость спасет Переславль, твое раскаяние загладит мгновенную измену. Сам бог прощает кающемуся грешнику, и благословение на земле и спасение в небе — ждут тебя. Брат отдает тебе все, что ты хочешь; я — все, что могу… Как награды, как милости прошу: возвратись! Сжалься над моими слезами… умились моими молениями!— Нет! ангельская душа! — вскричал тронутый Владимир, — я не продаю ни добрых, ни злых дел моих; ты останешься невестою Михаила — и я снова слуга родине! Елена, ты победила меня, — идем!..И вдруг сердце пронзающий звук трубы загремел в стане — и Владимир проснулся!..",А.А. Бестужев-Марлинский_Изменник
"Опять лежал на печке, прогревал спину, снились щи с бараниной, вкусный хрящик.",И.И. Катаев_Встреча
"В полной безопасности заснул Николай Кселофонович и приснилось ему поэтому все самое хорошее, что было в биографии - мама, девочка Катя из соседнего двора и полная человеческого отношения, недосягаемая, словно коммунизм, кремлевская больница.Сладок сон трудящегося.",А. Антонович_Многосемейная хроника
"Среди этих картин промелькнула девочка в голубом платье. Эта девочка была мне давно знакома; во время моего последнего существования она изредка являлась мне во сне, и я всегда считал такой сон дурным предзнаменованием. Это была девочка лет десяти, худая, бледная и некрасивая, только глаза у нее были чудесные: черные, глубокие, с серьезным, совсем не детским выражением. Иногда эти глаза выражали такое страдание и такой испуг, что, встретившись с ее взглядом, я немедленно просыпался с биением сердца и с каплями холодного пота на лбу. После этого я бывал уже не в силах заснуть и несколько дней находился в раздраженном, нервном состоянии.",А.Н. Апухтин_Между жизнью и смертью
"И черт те што мне тогда и снилось... Будто самого Колчака вместо курицы вилкой ковыряю. Я его ковырну, а он наклонится... я его ковырну, а он припадет, да еще, собака, обернет голову и смеется... Такое меня зло взяло - как его тресну вилкой по башке, ан шашка пополам, словно, выходит, и ударил я шашкой, а не вилкой. Схватил осколок, тычу-тычу ему в голову, а вместо головы получается телеграфный столб, и одна за другой, как галчата, на Юзе буковки скачут. Я понимаю, что это мне приказ дает Чапаев, а с приказом я не согласен был. Разбей, говорит, а преследовать будет другая бригада! Поди-ка, думаю, сам знаешь куда: должен я буду за кровь-то отомстить или нет? Кто мне сто человек заплотит, которых я на горе положил? Кургин, кричу, приказ пиши... У Кургина всегда бумага в руке, а карандаш за ухом. Несется почем зря. Я и оглянуться не успел, как он заголовок отчекрыжил. Скажи, говорю, приказом: как только собьют неприятеля - бить его надо и гнать пятнадцать верст! Понял? Тоже, говорит, понял. Они с Васькой все понимали у меня по голосу, да уж и стоили один другого. Знаю, что баня от Чапаева будет, а как ты делать станешь, когда он такую дыру проделал? Я вызывал его к проводу, объяснить все хотел, разговорить, а этот негодяй Плешков - он ведь начальником штаба в дивизии-то был - даже и не подозвал Чапаева: приказ, говорит, отдан, и разговоров быть ни о чем не может... Што ж, тебе, думаю: не может - так не может, а у меня своя голова на плечах. Приказ Курга смастерил, я его подписал - заиграла музыка... Только знаю, что добром не пройдет, - не любит Чапаев, когда у него приказы переделываются. Спал я, спал, смотрел разные сны, да как вдруг вскочу на лавке…",Д.А. Фурманов_Чапаев
"Видит Танюша под утро третий сон; и опять Стольников, веселый, довольный, смеется.— В отпуск? Надолго?Стольников радостно отвечает:— Теперь уж навсегда!— Как навсегда? Почему?Стольников протягивает руку, длинную и плоскую, как доска; на ладони красным написано:«Бессрочный отпуск».И вдруг Танюше страшно: почему «бессрочный»? А недавно писал, что скоро повидаться не придется, так как от командировки отказался. «Сейчас уехать с фронта нельзя, да и не хочется; время не такое».Стольников вытирает руку платком; теперь рука маленькая, а красное сошло на платок. Танюша просыпается: какой странный сон!",М.А. Осоргин_Сивцев Вражек
"– Я видел хороший сон, – тоска заставила дрогнуть его голос, – как будто я молодой, и лазаю по обрывам Чусовой, и брожу сам по себе от села до села, и…",И.А. Ефремов_Юрта Ворона
"И тут он уснул — легко, мгновенно, сразу же очень глубоко, и ему приснился сон. Сидел он вроде бы у пульта, перед телеэкраном и держал связь с космонавтом, губастым, узкоглазым, веселым парнем.— Коля, Коля, — размеренным, спокойным и четким голосом, каким обычно говорил, выходя на связь, произнес он. — Отвечай мне, пожалуйста, Коля, знаешь ли ты, что такое тамбурин и тамариск? — спросил почему-то он у космонавта. Кажется, это нужно было в целях контролирования психики испытуемого…— Не знаю… — сдавленно, хрипло выдохнул тот.— Все в порядке, Коля. Можешь действовать дальше, — успокоительно проговорил он. Но вдруг с тревогою почувствовал, что далеко не все в порядке.— Связь прервалась! — подал он тревожный сигнал и кинулся к панели пульта. И увидел, что оттуда идет дым и отваливаются, сверкая жидким оловом, расплавленные сопротивления…Он проснулся",А.А. Ким_Мышь пьет молоко
"Ночью мне привиделся сон.Во сне я видел себя, как в кино, со стороны, но чувствовал по-настоящему, изнутри. Я был слепым стариком в темных очках, и Леннон - мой пес-поводырь - водил меня по вагонам московской электрички. Я играл на баяне и пел эстрадные песни, и пассажиры, умиляясь очаровательной собачке, кидали мелочь в привязанный к мехам пакет. Помнится, я еще удивлялся тому, как ловко у меня получается играть на баяне, чему я никогда не учился.Переходя в следующий вагон, мы попали в тот шаткий, жуткий переход в виде гармошки, которого так боишься в детстве. Руки мои были заняты баяном, мешком и тростью, так что я не мог даже держаться за гофрированные стены. К тому же я был слепой и ни черта не видел из-за мутных очков. От рывка поезда я падаю на колени. Когда же я выбираюсь из этой болтанки, со мною нет ни баяна, ни денег, ни собаки.Я понимаю, что Леннон нарочно завел меня в этот поезд, чтобы здесь бросить. Я перехожу из вагона в вагон в поисках Леннона, а поезд увозит меня все дальше в неизвестном направлении. Я понимаю, что мне необходимо выйти и пересесть обратно. Я подхожу к дверям электрички, поезд замедляет ход, приближаясь к какой-то станции, створки двери вот-вот со стуком распахнутся... и я просыпаюсь в уверенности, что все виденное - правда.",О.Э. Хафизов_Третий сон
"Это у меня сон был. С повторением сон.Наверное, я все передачи смотрю - спортивные, вот и приснилось. Будто я на помосте. Стою на ступенечке. И на меня все любуются: на меня медаль надета на ленте - не знаю, золотая, серебряная, ну - медаль, и я соображаю, что это почему-то за плавание мне такой приз. Хотя стою в пиджаке, в ботинках, как есть в жизни. И тут начинается самый кошмар, что меня сейчас позовут опять плыть, и все смотрят и ждут, как я опять покажу класс, а я один знаю, что плавать-то, в общем, не умею. Разве саженками, и то в молодости. И вот я мнусь, и все оттягиваю, и томлюсь ужасно. Думаю, зачем на меня эту медаль надели? И весь в поту просыпаюсь...",Ф.Ф. Кнорре_Каменный венок
"Ей приснился прекрасный сон, и, проснувшись утром, она долго лежала, жмурясь, и вспоминала его. Там было лето и большая медленная река сияла солнцем под высоким зеленым берегом, высоким до неба, а внизу, вдали, лежала какая–то деревушка, и так хотелось Оленьке туда, но было страшно оттолкнуться от высокого своего берега, было страшно полететь. Тепло, ласково, зелено было в этом сне, и счастливо, счастливо, ведь Мишка был рядом...",Н.З. Соломко_Любовь октябренка овечкина
"И потом мне приснился сон. Два раза. Один раз до пятнадцатого октября, а второй –– через месяц.Какое пятнадцатое октября? Да... конечно. Билеты во Франкфурт были на пятнадцатое октября...Вот представь, я иду по дороге. Такая –– не особенно какая дорога, серенькая, кусточки по сторонам. А на мне мешок тяжести несусветной. Даже как будто он и небольшой, но меня просто плющит от него, плющит... Я снять его хочу –– и не могу, одной рукой не снимается. И народ вроде какой-то рядом идет, тоже все с поклажей. Я прошу помочь, а они меня как не видят. Как будто я прозрачная, ей-Богу. И вдруг вижу –– ты. Идешь безо всего, в синем платье, и туфли на каблуках, твои, синие. Шикарные... Увидела меня, сразу ко мне бросилась, что-то говоришь, не помню что, но утешительное. И я тебя даже попросить не успела, ты сразу так легко с меня этот мешок снимаешь и на плечо себе накидываешь как нечего делать. Вроде бы как он у тебя в руках – нетяжелый. И я думаю в себе –– почему так: на мне он был как каменный, а тебе вроде легко. Вот и весь сон.",Л.Е. Улицкая_Искусство жить
"Вере постоянно снилась еда. То она увидит во сне огромный пирог с капустой, величиной со стол, и ангела, который разрезает пирог на куски и раздаёт всем детям со двора. Дети толкаются и оттесняют маленькую Веру, и когда доходит до неё очередь, то пирог уже роздан. А то приснится ей жареный гусь, который оживает и удирает с тарелки, когда его собираются съесть…",Д.Л. Бродская_Марийкино детство
"Ему приснилось, что чудесно пахнувший кусок жирного оленьего мяса убегал от него. Као никак не мог его догнать. Он потянулся за ним и проснулся от резкого движения.",А.М. Линевский_Листы каменной книги
"Наконец она уснула. Ей приснилось, что солнце вошло в ее комнату, но потом оказалось, что это не солнце, а молодая девушка в блестящем платье, и шлейф этого платья никак не мог поместиться в комнате и шумел шелком за открытой дверью. И девушка сказала знакомым голосом мамы:— Как я благодарна вам, Чоп, что вы возились с Елочкой! Вы необыкновенный человек.",К.Г. Паустовский_Колхида
"Ночью мне приснилось, что Снежок опять пропал и мать находит его в моей копилке. Снежок жалобно мяучит, а отца нет дома — и открыть копилку нельзя. Мать плачет, она боится, что Снежок задохнётся в копилке, и просит меня побежать к отцу за ключом. А я, вместо того чтобы идти на почту, почему-то оказываюсь в столярной, и мы с Сёмкой играем в «ножички». Вдруг я слышу крик матери, бегу домой и узнаю, что Снежок задохся. Тут я проснулся от стука",Е.А. Боронина_Удивительный заклад
"А ночью мне приснилось, что невоздержанный на язык Иван Никифорович обозвал Ивана Ивановича «безударной гласной» и что с этого именно началась знаменитая ссора.",А.Г. Алексин_Саша и Шура
"Ему стало сниться другое.…Кошка прыгнула на скворца и проглотила его. А крокодил прыгнул на кошку и проглотил ее. Тут из дачи выскочила Володина тетя с ружьем и выстрелила в крокодила. Крокодил взлетел к небу — и вот уже это не крокодил, а гриф из Брема. В когтях он держит эмиду европейскую. Под ним клубятся облака. Хрипло захохотав, гриф разжимает когти. Черепаха летит вниз со страшной высоты, ударяется о скалы и разлетается на тысячи осколков… Каждый осколок превращается в большой мухомор. Кролики бросаются на мухоморы, пожирают их… и падают мертвыми.— Они или я! Они или я! Они или я! — визжит Володина мама.И из дверей дачи вылетают кролики, черепахи, кошки и крокодилы. Дверь захлопывается, исчезают окна, забор, белье на веревке, исчезает дом — все. На пустом месте сидит черная ворона и, разевая огромный рот, говорит:— Грраждане! Станция Маррртышкино! Митя вздрогнул и проснулся.",Г.Б. Ягфельд Н.В. Гернет_Катя и крокодил
"Потом он увидел сон. Будто встретился он в гавани с Мишкой Пахомовым с Каретной улицы. Мишка показал ему язык, который вдруг оказался не языком, а тонкой камышовой удочкой. Борис быстро протянул руку, чтобы изо всех сил дернуть за дерзкий Мишкин язык-камышину, и проснулся.",А.М. Батров_Завтра - океан
"Генчику редко что-нибудь снилось, но на этот раз увидел сон. Будто он должен драться на дуэли с длинным черноволосым Бусей — хозяином Шкурика. У Буси в секундантах вся его зловредная компания. А у Генчика — Федя Карасик (или Тима Ревчик) и Козимода. Появилась Зоя Ипполитовна — строгая и будто незнакомая. Дала Генчику и Бусе прямые блестящие сабли. И велела:— Сходитесь.Генчик бесстрашно пошел на Бусю. «Я не буду его убивать, а прижму к забору и заставлю извиняться». Но у Буси на рубашке зашевелился нагрудный карман, из него высунул морду Шкурик! У Генчика сразу ослабли колени. Он попятился.— Не см-ме-ей! — потребовала Козимода. Генчик начал отмахиваться палашом — от Буси и от Шкурика. Попятился снова и спиной полетел в яму. В черную пустоту. Проснулся с колотящимся сердцем.",В.П. Крапивин_Я больше не буду
"Во сне пришел ко мне Тимка и принес в подарок кукушку. «Зачем, Тимка, мне кукушка?» Тимка молчал. «Кукушка, кукушка, сколько мне лет?» И она прокуковала – семнадцать. «Неправда, – сказал я, – мне только пятнадцать». – «Нет, – замотал Тимка головой. – Тебя мать обманула». – «Зачем матери меня обманывать?» Но тут я увидел, что Тимка вовсе не Тимка, а Федька – стоит и усмехается.Проснулся, соскочил с кровати",А.П. Гайдар_Школа
"он свалился под придорожным кустом и заснул. Во сне ему привиделось, будто он бежит по какой-то широкой, устланной красной ковровой дорожкой лестнице, а за ним, перескакивая через две ступеньки на третью, гонится бородатый Дракон. Ленька в ужасе мечется, кидается в первую попавшуюся дверь, но тут его настигают, хватают за шиворот, и хрипловатый злобный голос кричит:- Ты где взял борова, уличная шваль?!У Леньки застучали зубы. Он очнулся, обливаясь холодным потом.",А.И. Пантелеев_Ленька Пантелеев
"Я послушно закрыл глаза, по уснул не сразу,  растревоженный  рассказом  о волшебной шкатулке. Прекрасная наездница до того  пленила  мое  воображение, что даже явилась ко мне во сне.Мне снилось, будто я сижу за стойкой и подсчитываю  медяки.  Вдруг  слышу цокот копыт. Дверь широко распахивается, точно от порыва ветра,  и  прямо  в харчевню въезжает на снежно-белой лошади золотокудрая красавица с  блестящим обручем в руке. Лошадь подходит к стойке и кланяется мне, а наездница гладит рукой ее серебристую гриву, смеется и говорит; ""Вот,  Костя,  какая  у  меня умная лошадка! Хочешь покататься на ней?"" Вдруг из кухни выскакивает хозяйка и грязным веником бьет лошадь. Я вижу  на  белой  лошадиной  голове  грязные полосы, и это приводит меня в  исступление.  ""Ведьма!  Ведьма!"" — закричал  я, бросаясь на хозяйку со сжатыми кулаками... и проснулся.",И.Д. Василенко_Волшебная шкатулка
Зато дурные сны видела Серафима Григорьевна. Она видела шепчущихся мышей подле мешка с овсянкой. Они сговаривались съесть оставшиеся десять тысяч рублей.,Е.А. Пермяк_Старая ведьма
"ус­нул. Во сне он уви­дел ту ко­неч­ную стан­цию, где схо­дят­ся все пу­ти и до­ро­ги. Она вы­пи­ра­ла из зем­ли буг­ром, вся уты­кан­ная до­ма­ми. То­пор­щи­лись не­бо­скрё­бы. Исаа­ки­ев­ский со­бор, Кремль, Эй­фе­ле­ва баш­ня – са­мые кра­си­вые со­ору­же­ния, ко­торые Слав­ке при­хо­ди­лось ви­деть на кар­тин­ках. Во­круг стоя­ли по­ез­да, па­ро­хо­ды, са­мо­лё­ты. Они гром­ко тру­би­ли. Им не тер­пе­лось ехать ку­да-то даль­ше.",Р.П. Погодин_Ожидание _три повести об одном и том же
"и заснул.Во сне он увидел огромную роскошную книгу, а себя - семилетним мальчиком. В книге он прочел середину страницы:""Жизнь - порочный факт, каждое существо норовит сделать такое, чего никогда не было и не будет, поэтому многие явления живой природы необъяснимы и не имеют подобия во вселенной. Так умирающий электрон, ища в эфире труп своей невесты, может стянуть к себе весь космос, сплотить его в камень чудовищного удельного веса, а сам погибнет в его каменном центре от отчаяния, масштаб которого подобен расстоянию от Земли до Млечного Пути. Пусть тогда догадается ученый о тайне небесного мертвого камня!.. Пусть родится мозг, могущий вместить чудовищную сложность и страшную порочную красоту вселенной!""Проснувшись, Егор забыл свой сон навсегда, на всю жизнь.",А. Платонов_Эфирный тракт
"Мне снилось, что я поднимаюсь на какую-то очень высокую гору и везу за собою тачку. В тачке сидит Бавария и больно подхлестывает меня кнутом. А с горы кубарем катится Японка, вся красная, как пион, с глазами круглыми, как у Фильки. Она бежит прямо на меня и, схватив за плечи, трясет изо всей силы… А под горой горькими слезами плачет Толя. Мне больно от цепких пальцев Японки, я хочу освободиться и не могу… А Толя плачет все громче и громче. Наконец я делаю невероятное усилие, вырываюсь из рук моего врага… и… и… просыпаюсь…",Л.А. Чарская_Записки маленькой гимназистки
"А когда она заснула, ей приснился жуткий сон.Ей снилось, что она идет по какому-то странному вымершему городу. Сияло солнце, но на ярко освещенных улицах не было ни души. «Где же все люди?» – думала во сне Лу. Она заходила в распахнутые двери кафе и магазинов. Там, внутри, все было как обычно, но только не было ни продавцов, ни посетителей. А вот и знакомый суши-бар. Лу распахнула стеклянную дверь. Внутри царил полумрак. За столиком – их с Костей столиком – спиной к Лу сидел парень в камуфляжной форме. Рядом стояли прислоненные к стене костыли. «Это Костя!» – без тени сомнения решила Лу. И позвала: «Костя!»Парень обернулся, и Лу увидела ухмыляющееся лицо Артема, одного из тех подонков, от которых в день их знакомства ее спас Костя.«Красавица, выпить хочешь? – глумливо спросил мерзкий тип, протягивая ей бутылку с пивом. – С тебя пятьдесят штук баксов!»И тут Лу поняла, что это вовсе не Артем, а Витек. Продолжая глумливо хихикать, Витек встал. Опираясь на костыли, он приближался к Лу – очень медленно, но неотвратимо. В руке Витька вместо пивной бутылки теперь был зажат берет десантника. Протягивая его перед собой, Витек зловеще бубнил, как бы прося подаяние: «Пятьдесят штук! Пятьдесят штук…»Лу проснулась в испарине.",В. Воробей М. Воробей_Я тебе верю
"заснула.Мне снилось, будто я плыву на корабле в шторм и судно затапливает водой, волны бросают его в разные стороны. И вот вдалеке я вижу мигающий свет. Маяк. Я радуюсь, ведь скоро достигну берега и ступлю на твердую землю, увижу родных и отдохну. Но вдруг свет маяка гаснет, и корабль, на котором я плыву, врезается в прибрежные скалы и разлетается в щепки. Я что-то кричу и падаю в ледяную воду. Темнота.",В.В. Селин_Девочка-лето