"А потом про зайчика сон. А зайчик вот, он был в лесу. А я была у речки. А потом ког вот я пошла, к домой, а зайчик за мной, бежал-бежал. А потом он прибежал, ко мне опять, когда я ушла уже, я вышла, к себе, во двор. И онь А зайчик как-то сюда прискакал, а потом он не знал, где я. А я была у себя дома. А потом этот зайчик прискакал ко мне домой. Он скакал-скакал, и прискакал. А потом он ск этот зайчик встретил ёжика. У меня! Который был у меня дома, и они были — этот зайчик, и ёжик, — у меня, и они прям бегали тут прям по моему полу. И по коврику, а я им сделала пала к по постельку, и они спали там. На коврике. А потом как-то неожиданно зайчик захотел морковку кушать. А морковка стояла у меня там лежала в тарелочке. Он взял эту морковку и скушал. С капусткой. С капустой тоже, капустку съел, а я потом встала, и увидела: а где морковь?, а где капуста? Всё.",NDS_001-f-z
"Сон называется “Про собачку”. Собачка пошла вот гулять. А я вот дома спала. Я гуляла-гуляла, а собачки собачка у нас была с ошейником, а потом Он с ошейник был старый, а собачка, она быстро бегала, и к ошейник разорвался, и она побежала. А потом пст увидела кошку, нашу, чужую кошку, и за кошкой она бежала, бежала-бежала, а кошка, она обиделась, и спряталась от нашей собачки, потом мы с папой искали эту собачку, потом нашли эту собачку. Всё.",NDS_002-f-z
"Мои птички летали вокруг, и вот смотрели, они были такие се красивые-красивые, и были светло-синенькие. И они летали, и сели прямо на на веточку, одна птичка, она х захотела сесть на мь на меня, и она села. А потом эти птички улетели, а одна не хотела улетать, а она осталась со мной, и залетела ко мне. Я выпустила, а она опять ко мне полетела. И она была такая красивая и маленькая. Это всё уже, сон закончился.",NDS_003-f-z
"Я один раз катался на лошади, потом я потом она меня потом я её остановил. И я с неё слез, и пошёл внутрь.",NDS_004-m-z
"Мы с папой сидим на диване, и у говорим. А А мама там на кухне моет посуду. И папа встал с дивана, и тоже пошёл мыть посуду.",NDS_005-m-z
"Мы с папой ехали по по городу, потом мы вышли отдохнуть, и вдруг приш и я пришёл к машине, а а там машины не было, и я пошёл дальше искать машину. Вдруг я увидел милиционера, и спросил у него: как добраться до дому, и он ме и он позвонил домой, и и они и за мной приехали, и отвезли домой.",NDS_006-m-z
"И я И я шёл один по дороге. Я шёл вперёд вперёд, и и вдруг вижу, что там чего-то сверкает. И я уж как он И я бы враз подошёл к нему, ну к этому дереву, у которого сверкало чего-то, я обошёл его вокруг, но там ничего не было, там был ла большая дыра, а я туда заглянул, а там тоже никого не было, пошёл к дру гому дереву, а вот там не было дыры. И я всё думал: «Ну кто же это сверкал?» И я пошёл к тому же дереву, где была большая дыра. И вдруг я туда заглянул, а там какой-то а там какой-то маленькое маленькая маленький котёнок сидел. И его глаза сверкали. Всё.",NDS_007-m-z
"Я с я с дедом сидел один одни на диване, дома никого не было, и вдруг я увидел, что к нам идёт к нам приехала мама, и и дед обрадовался, и я, но это была не мама, а а бабушка, и бабушка зашла к нам домой, и а я а я сидел на диване, и думал: «А когда мама приедет?» А она должна была приехать. А бабушка пришла, и сказала: что что мама не приедет. Вс.",NDS_008-m-z
"гда А Аня забирала меня из детского садика, мы с ехали на автобусе. Я первая села в автобус. А тогда уже д закрывались двери, и Аня не успела сесть. И когда когда я приехала на нашу остановку, (А она А Аня быстро бегала. Вот, и она тут же уже была там, на нашей остановке. И когда я вышла, я сразу увидела её, и так обрадовалась! И мы пошли домой.",NDS_009-f-z
"Стоял я с тётей Наташей возле двери, а мышь вот эта вот была в подвале. Да, около подвала. Ну вот, она на меня как поползла! Я её ногой хотел убить, а потом это рукой прихлопнуть, она меня в вот сюда вот в руку укусила, мне тётя рассказала, укус это чего-то там надо и чего-то уколы делать... Вот, значит, я её не прихлопнул до конца, хвост, она побежала куда-то, в подвал, кажется, а я её там это потом господи какая-то кошка что ли её хотела съесть, но нет, она её тоже укусила...",NDS_010-m-z
"что я вырос, и чего-то дедушка мне отдал свою машину, а себе купил новую, только лучше, какую-то там, уж не помню, “Жигули” кажется, семёрку. Ну вот, и мы значит стали у нас мы стали жить на третьей Шацкой, у нас там было два гаража, там это с удобствами всё, мы там отделали с дедушкой, это как-то там. Вот, значит, мы там жили жили... Ну вот, значит, потом я это стал у меня уже другая кажется машина стала, чего-то я не помню уже этот сон, другая кажется машина стала, вот, и это значит значит, ну, и потом чего-то он кончился, и другой кажется начался. Чего-то я его уже с отрывками помню с какими-то.",NDS_011-m-z
"У меня вот зна значит такой был сон, что я в церкви, и играю там, в какую-то игру, и у меня там подружка, со мной, в церкви, мы играем там в игру, все молятся, и потом такая икона очень красивая, очень-преочень, яркая такая! Такая большая! Мне она очень понравилась, и потом с неба вышел вышла Богородица, и Иисус Хрис тос, младенец, ещё Бог вышел. И И они были в церкви, и все подошли к ним, и стали гладить, младенца по головке, а так у младенца был вот такой вот, ну светящийся, около головки, и все радовались, что родился младенец Иисуса Христа. Такой был сон. Потом я значит тоже подошёл, и подержал его на руках. А потом сон кончился.",NDS_012-m-z
"А ещё у меня был такой сон, ка как я поссорился с друзьями с подружкой, а вот с другом не поссорился, и подружка, значит, и та её кто-то стукнул, и она попала в больниц цу, и я к ней чего-то хо ходил, в больницу, это она под капельницей лежала что ли в реаним мации, и вот всё к ней приходил, и себя винил, что я поссорился с ней, и думал, что это из-за меня всё. Вот. И потом она выздоровела, и сказала, что это не из-за мень я ей всё это рассказал, она сказала что это не из-за меня, её стукнул какой-то там мальчишка, и она чего-то там потеряла сознание что ли а потом её повезли в больницу. А я в этом не был виноват, и потом мы с ней снова подружились и начали вместе играть так во дворе играть и всё, потом наверно чего-то оборвался там сон и друго меня разбудил, этот, телефон.",NDS_013-m-z
"значит как я иду вот значит с мамой на рынок, на базар, и вот покупать там чего-то... Она мне купила, какую-то игрушку, а потом она сказала мне стоять около этих игрушек, и ушла куда-то, что-то себе покупать, а потом нь не вернулась, и я испугался, страшно мне было, и вот, значит, и и я стал её искать по всему рынку, а потом п хотел идти домой, но троллейбусов не было, а это всё было ночью, троллейбусов не было, и я потом где-т там даже не спал, и потом — на значит, когда утро н началось, — я приехал домой, и а мама уже зво звонила там в милицию и она очень сильно обрадовалась. Там потом.",NDS_014-m-z
"У меня такой сон был, когда что я вырос, я значит себе купил квартиру там ма машину себе купил сдал экзамен по вождению, и получил машину и значит, потом я значит уже привык к этому и ко мне мама я маму подвозил, там мы с мамой на речке купались и по том м ы с и я значит поехал какой-то в гр в другой город, отдыхать, и потом через три года вернулся только сюда, и мама обрадовалась сильно. И всё, кончился.",NDS_015-m-z
"Мы с мамой поех Это, мы с мамой поехали в А Мне приснился сон, будто мы с мамой поехали в Америку. Был большой самолёт. Это был Боинг, шестьсот сорок семь, там было много этажей, это бизнес-класс и и дорогие классы, м чем выше там по мы поднимались с мамой, тем дороже мы платили. Ма мы сь Мы ехали с мамой первым классом, это бизнес-класс. О Туда надо пла платить чет это четыреста восемьдесят долларов. Ну, когда мы приехали в Америку, в каком-то роскошном отеле я нач начал спать. И м Мне постоянно не давали шумы на улице спать, потому что на на улице было много машин, и там и много людей. М Когда В тот день когда мы приехали, было ещё утро, и все вот собирались на работу, и уходили.",NDS_016-m-z
"мне п приснился, что это прие приехал папа. Я утром встаю в халате, (Ну у нас в де в деревне дом такой, да, вот здесь дверь, ра раньше была на улицу, там ступеньки. Ну мы эти ступеньки убрали, там веранду большую-большую сделали и ещё одну дверь, а я я выхожу, (А там у на углу веранды у нас столик стоит.) ну мне приснилось я выхожу, а папа там за этим столиком на скамейке сидит, чего-то пишет. Потом у меня сон сорвался.",NDS_017-f-z
"Это такой корабль,  хороший, красивый, одна сторона цветная его, а д ругая серая, не цветная. Это был и не плохой и не хороший сон. На корабле был жёлтый парус, на одной стороне, на второй всё серое. Серый парус и вот такая вот штука: (Можно тут нарисовать вот?) вот корабль, большой парус. Вот, всё поделил пополам, эта сторона вся вот такая вот, серая, эта сторона (А где другой карандаш?) эта сторона вся такая: коричнево-жёлтая. И оранжевая, вот, такой корабль.",NDS_018-m-z
"Сон снился, как я в классе был, там и про класс про школу про про друзей... Ну я там помню, что я там ну с моим другом разговаривал я... Ну вот, потом ну потом мы там чего-то на физкультуре были, играли там. Ну вот чего-то. Ну мы там вот так: школа там, я класс ви класс ну ви ну видел там там друзей...",NDS_019-m-z
"Я подтягивался на турнике... Потом я падаю вот, и турник — оказывается, — оказался очень высоким! И я падаю падаю падаю, думаю: «Разобьюсь сейчас!» А спускаюсь, прям страх, так что ногу прям свело там у меня! Я опускаюсь-опускаюсь, вроде всё медленней. А потом когда я проснулся, я обнаружил, что у меня ногу свело.",NDS_020-m-z
"Мы с папой едем на машине. Мы заехали на полянку на берёзовую погуляли там... Потом папа случайно заехал ну в какой-то довольно старинный город. А нам открыли ворота. Заходим, а там не́ме а там стоит отряд немцев. А Один немец подошёл ко мне... Я ему говорю: «Гутен таг!», он мне говорит: «Гутен таг!». Потом сказал мне два слова на русском, (Я уж к не помню какие.) а потом мы уехали.",NDS_021-m-z
"Один раз мы — три брата, Серёжка Лёшка и я, — с дядей Сашей поехали на рыбалку. Мы поймали нь не очень большой улов, на другом берегу мы увидели ещё там люди сидели, и ловили рыбу, они поймали много рыбы и большую рыбу. Мы Серёжку отправили попросить у них чуть-чуть рыбки, чтобы потом похвастаться дома хорошим уловом. Он пошёл, ой, я уже пошёл куда-то, я забыл отошёл, потом пришёл к машине, Серёжка принёс маленького-маленького карасика от них! Вот весь мой сон. Маленький. Короткий.",NDS_022-m-z
"нилось как будто там я ехал, и подружился как будто с одной дев ну девочкой. Как будто она меня привезла к себе домой там, такое большое здание. Там новые всякие большие комнаты были и одна круглая была. И высокая. Там как будто мы прыгали всь",NDS_023-m-z
"Сон это то что я к папе в теплицу поехала, и мама мне показывала там жёлтый дым. И малиновый. Мама дала мне химические разные стеклянные штуки, и дома она мне показывает, то что умеет.",NDS_024-f-z
"У меня есть подружки-двойняшки. И мне приснилось, что мы поехали ко мне на дачу, в Звенигород. Там у нас был домик. Нас четверо: сестрёнка я и двойняшки, домик был около речки, рядом были родники, и лес-c. В лесу были ягоды и грибы. А когда мы выросли, то мы стали остались в этом домике, и стали все вместе в нём жить. У нас был огородик и качели. Там площадка, специально для игр. Был огород, сад, клумба. Семена были у меня! Мы там разделились по специальностям: моя сестрёнка, Оля, она пропалывала грядки, я сажала, а с двойняшки, они огораживали, там где посажено, ставили колышки ставили колышки, и на клумбе они поливали цветы. Я сажала цветы.",NDS_025-f-z
"Ну там мы с сестрёнкой как-то гуляем, по улице, ей надо было на тренировку пойти, ну вот, одна тётенька проходит мимо, Я ей ну как бы сказал, что ей надо куда-то зайти. Она тоже не вспомнила куда я тоже не знал куда мы приб побежали её догонять! Но на улице было много людей, (Раньше этого не было как бы...) все по улицам ходили играли и эта тётенька уже ушла. Вдруг (Вот когда обратно уже бежали, (Сейчас.) она это она бежала, ударилась об сейчас обо что-то, ну, ну да, обо что-то, потом упала, не знаю, из носа текл текла кровь, я подошёл, испугался, и ну потом он закончился.",NDS_026-m-z
"зжала ко мне бабушка, ну вот, (В обед, когда мы уже ложились спать.) она мне привезла ну, привезла она мне какие-то подарки не подарки не помню. А за ней какая-то машина что ли ехала вот, я бабушке говорю: «Бабушка А что это такое?» Она говорит: «Ну может быть это к твоим подружкам или к другой палате приехала...»",NDS_027-f-z
"Я вообще там подружился с кем ну, с кем-то, и потом в общем ну, там, вот с одноклассником. Там у нас новенькие были! И в общем ну сходили мы с ним в школу, а потом мне приснилось, что я ну как-то двойку получил. И ну в общем потом ну я сильно переживал, ну, и как бы хотел спрятать дневник. От родителей. Ну ну как-т Как бы у меня не получалось. А потом этот я хотел ну, как бы снилось мне, что я хотел исправить, а потом меня разбудили. Бабушка. Ну чтоб в школу идти.",NDS_028-m-z
"Ну к я как будто бы стоял возле окна, и смотрел на улицу. Эт Ну, и тут н ну начался А я а у меня б а было открытое окно. Начался сильный ветер. Я его закрыл. А у меня д ну домашнее задание не было выучено. И я захотел пойти на улицу, гулять. И пошёл гулял др много с друзьями, а пот ну, увлёкся, и не следил за временем. Тут я пришёл домой, и раздался звонок. Я поднял трубку, и ну мама мне говорила, что «Мы сейчас придём через минут десять.» Я тогда посмотрел на время, и увидел, что ну я перегулял. Я бросился делать уроки, н но тут раздался звонок в дверь. Я посмотрел в глазок, и там зашли родители. А я — ну с недоделанными у ну уроками, — извинился перед ними, и они меня простили.",NDS_029-m-z
"Мне приснилось, как ка как я как мне мама ночью положила в портфель куклу, которую я очень хотела. Вот, утром — когда мама мне обычно даёт попить, — она мне дала бутылку, и я её начала класть. И вдруг я увидела какую-то коробку. С бантиком сверху. Вся запечатанная в бумагу. Я её ра Я её раскрыла, а там оказалась кукла. Причем не просто кукла, я увидела куклу, как-то раскрыла коробку, а там оказалась ещё куча-куча всего: какие-то разные стульчики приборы разные столовые кровать стол стул лампа прихожая... Больше ничего.",NDS_030-f-z
"Там была пло площадка танцевальная, мы протанц все оттанцевали, и пош разошлись по домам, потом через некоторое время меня позвала подружка, и мы увидели площадку, на на которой на асфальте было множество-множество разных червяков. А дальше чего-т",NDS_031-f-z
"Входит это мальчик, ну к другому, и говорит: «Дай мне поиграть машинку!» А тот говорит: «Нет, я тебе не дам. Потому что ты со мной дерёшься.» А а он говорит: «Ну пожалуйста!!» Ну, он дал, и я подхожу: «Чего вы тут спорите?» И и всё.",NDS_032-m-z
"Шли мы по ль лесу вот, и я нашёл много грибов. Чем мои братья. И говорю: «Вот у меня сколько грибов!» Вот и всё.",NDS_033-m-z
"сон, это когда я потерялся. Вот я вышел из дома, были никого не было дома, мне оставили ключи. Я погулял чуть-чуть, потом захотел есть пошёл домой, там никого не было потом начал искать своих родителей по вышел из подъезда, никого нигде нет обошёл вот где-то пол-улицы никого не было. Потом я испугался, побежал вот куда глаз глаза глядят, вдруг увидел какого-то мальчика, я у него спросил: «Где мои родители?» Ну, он сказал: «Возвращайся домой!, ты увидишь их там.», я вернулся домой, и их увидел.",NDS_034-m-z
"пошёл внутрь. Ну не знаю откуда возвращался, мы з мы зашли в магазин. Ну, и она чего-то покупала, а я заш (У меня деньги были, тысяча, и я на эт на эти деньги купил это кассету. Всь",NDS_035-m-z
"на улицу гулять. Навстречу мне мой папа, говорит: «А ку куда ты идёшь?» А я говорю: «Мы гулять идём, в лес.» А он говорит: «Не ходи туда! Там всякие эти, бандиты.», а мы говорим: «А когда мне «Тогда мы вокруг дома » (Ой, простите!) «Тогда мы вокруг дома.» «И вокруг дома я тебе не разрешаю Таня!» Я говорю: «Ну пап!! Ну папа!! Ну зачем ты так?! Ну папа!!» Потом Настя не стала уговаривать его больше, и говорит: «Если вы не пустите, я больше к вам никогда не приду!» На этом и кончи",NDS_036-f-z
"Мы выросли, и сбросились деньгами в общем-то, и купили себе автобус. Ну, постепенно оборудовали его, и нас пригласили на гонки. На гонки вот на выживание. Потом Когда дали старт, мы н с начали хорошо, но на десятом километре нам про пробили колесо, вот, ну колесо сильно пострадало, Серёга достал винчестер, и выстрелил, и попал в задний мост, тому кто ну покалечил нас. Он сошёл с трассы. Потом мы быстро сменили колесо и опять продолжили гонку. Из тридцать третьих мы выбились в третьи, ну, п все машины постепенно сходили с трасс, осталось только пять машин. Какие Две мы покалечили какие там ещё кто-то... Вот. Потом наш автобус уже был в таком в плохом состоянии, нам выбило лобовое стекло там покала покалечили краску чуть ли не лишили нас заднего моста ну, в общем мы пришли вторыми, всё.",NDS_037-m-z
"С другом с моим самым лучшим, (Санёк. Он у меня там в школе.) мы с ним пошли, и мы стали копать там у себя яму, чтоб сделать себе шалаш, ну столбы чтоб поставить, и нашли чего-то такое железное. Выкопали, а там это лежат всякие такие сокровища сокровища... И мы набрали этих сокровищ, но не все. Остальное закопали, и пошли домой. Принесли домой, а потом мы пошли там в какой-то й ювелирный магазин с родителями, и они сдали эти ну сдали вот эти ю велир и это мы получили деньги. И мы с Саньком тогда пошли, в магазин, чего-нибудь покупать, а и Са и я проснулся, на самом там интересном месте.",NDS_038-m-z
"А здесь у меня есть подружка такая, Генкова Аня. И вот была какая-то городская дискотека, ну я пошла на неё и вот там встретила тоже Аню. Ну там так тыры-пыры четыре дыры... А вот под конец я помню, что я села чего-то в денди играть, и там совершенно другая была музыка, во",NDS_039-f-z
"зайчиком, и он розовенький. Потом к нам ещё прибегает синий и жёлтый зайчик по-моему. Или синий. Не помню. И мы с ними играем вот в игру, ну фигурки всякие делаешь, и угадываешь. Вот такая вот",NDS_040-f-z
"с классом пошли вот куда-то. Зашли в дом и там были ступеньки. И вода. Мы встали на большой плот, и переехали на другую сторону, потом мы вышли из двери, (Там была дверь, такая жёлтая, мы открыли её, и вышли, и мы оказались на ярмарке. И там были всякие игрушки продавались и там  продавцы были звери. Потом мы вошли ещё в одну дверь. Там была тропинка. Мы прошли по этой тропинке, и вышли в школу.",NDS_041-f-z
"Я когда увидела этот сон, я видела, что летают бабочки... Там был праздник. Там были мышки бабочки все мелкие зверюшки... Там был очень красивый аквариум... Там были всякие рыбки. Потом ко мне подбежала голубая мышка, и предложила мне одну из рыбок. Я согласилась. И она мне подарила зелёную и жёлтую. Потом подо бежала ко мне розовая мышка, и сказала, что всем нужно идти к столу. Когда праздник был окончен потом я с проснулась.",NDS_042-f-z
"Я когда спала, я видела, что я нашла свой тапочек белый. Новый. И очень обрадовалась! Мне было так здорово, что мне теперь не надо искать его меня не будут заставлять... Потом я как будто во сне, (Как будто. Во сне.) я стала с заснула сразу, и ночью ко мне пришёл мышонок. И говорит: (Ну вот.) «Что ты соня! Вставай!! Мы хотим с тобой поговорить.» Я проснулась, и спрашиваю: «А ты кто такой?» «Я с другой планеты. Пойдём со мной!» Ну я пошла с ним и вижу, дырка, маленькая-маленькая. И там гвоздь. Он говорит: «Подойди к этому гвоздю!, нажми на него!, и скажи!: что «Сделай мь «Гвоздь, Сделай меня маленьким!»!» Ну я так сделала, и пошла с ним. Пошла стала маленькая, и пошла с ним в дырку. Мы оказались на какой-то планете. Она была очень маленькая, так что — (Как шарик.) — было видно, с другой стороны что... Можно было за три больших ша́га — человеческих, — пройти эту планетку, и там меня встретили так радостно, сдел был пир... Всё.",NDS_043-f-z
"Лунная дорожка, ограда, во дворце какие-то такая спальня, и какая-то как бы комната, из вся золотом покрыта. Вот, и и по этой д дорожке потом какие-то там кони, и к вдруг едет тут по этой по д этой вот дорожке, где кони, там едут автомобили, и уже город. И в я оказываюсь в этом автомобиле, и еду, этот сон мне показался ну довольно интересным.",NDS_044-m-z
"В общем какой-то стол был разукрашен, в нас угощают там, как бы день рождения, столетие школы. Ну и когда я оттуда вышел, то к то дворники даже подметали там, кр такой вот и ор концерт какой-то был вот... И когда я и когда я вот возвращаюсь домой, на этом сон кончился.",NDS_045-m-z
"Бегала бездомная собака, большой такой чёрный дог. Ну вот, я с ним подружилась как бы... Потом привела домой, и отец разрешил мне его держать, вот мне снилось, как я с ним по улицам ходила, играла с ним. Вот.",NDS_046-f-z
"Мне снился такой сон, как ну я ж гулял на улице, ни на улице никого не было. Я подошёл к магазину, там тоже никого не было пошёл в сторону дома. Когда я зашёл в квартиру, там оказались все родители все знакомые там... Мы пошли все вместе гулять. Све это все были, знакомые там. И нам с братом подарили каки две игрушки, вертолёты. Мы как бы за них взялись, и ввь полетели вверх. Ну ну и считай на этом сон мой кончился.",NDS_047-m-z
"Мне приснилось, что я ехала на поезде. В котором была зелёная поляна, с грибами и пнями всякими, я там была с сестрой. Играла Нет, я собирала грибы.",NDS_048-f-z
"Один раз мне приснилось, что я мальчик, и я шла с тремя богатырями, по длинной длинной дороге. Которая всё время длилась. Там ещё на пути встречался встретился камень на котором были разные надписи. Всё.",NDS_049-f-z
"Я гуляю во дворе, и вдруг меня кто-то приглашает на день рождения. Чего-то я иду на это день рождения, почему-то мне ко мне подбегают две маленькие мои соседки, две Лерочки, и и я с ними куда-то иду, и п и попадаю в Москву. Хм. На какой-то концерт. Прям стою в первых рядах... Короче мы смот Посмотрели мы этот концерт, куда-то пошли. Тут мы встречаем мою маму с папой, откуда-то, и мы куда-то поехали. НРЗБ2 Заехали мы на верхний этаж, в лифте, обратно ехать, а лифт почему-то стал маленький-маленький, мама с папой там тоже уменьшились, а я влезть никак не могу в него, вот, и я в общем говорю «Ладно, вы ех ехайте без меня!, я потом сама приеду.» В общем они поехали, и почему-то начали лифт разбирать. Но они всё же доехали, я тоже оказалась на первом этаже, вот, и встретили мы этих двух девочек, они тоже спустились вниз на лифте и всё. Кончился.",NDS_050-f-z
"Значит, сплю я, и вижу, как две женщины какие-то в складе в каком-то ложатся спать. Вот вокруг мешки, (Я не знаю продовольствие там какое-то может сахар может мука...) и в общем ну к когда они легли спать, их ограбили почему-то. Вот так несколько раз, они ложились спать, и их грабили. Вот я как будто это наблюдаю со стороны, потом мы зашли в магазин, как раз где вот этот склад, и вот как раз опять какой-то такой звонок, как будто кого-то ограбили, и мы побыстрей оттуда убежали. И всё.",NDS_051-f-z
"Потом следующий сон. Мы пришли во двор, гуляли, и почему-то мы там нашли грибы, растут, рыжики, мы начали их собирать, ну, собираем, на целый полведёрничек набрали, я говорю «Сейчас подождите!, я сейчас его отнесу, потом опять приду.» Ну, я пошла его относить, там мама, как раз мама, на велосипеде на дачу уезжает. Вот, и я п смотрю в свой полведёрник, а он, половина в нём только. Ну я пошла обратно, прихожу, там уже никого нет, только один мальчишка сидит, я я говорю: «А где все?» Он говорит «Здесь нас всех разогнали, сказали нельзя грибы рвать.», ну и всё. И мы на этом остановились.",NDS_052-f-z
"Потом ещё один сон, за мной бегала Баба-Яга, в общем я от неё бегу, и думаю «Куда же мне побежать?» И как раз дом Сиси Кэпвелла из Санта-Барбары. Я вбегаю в него, и там стоит шкаф. Из нашего дома, я с под шкаф спряталась, и Баба-Яга мимо меня пробежала, не нашла. И всё.",NDS_053-f-z
"Мы куда-то поехали, всей семьёй, на машине, в общем приехали мы почему-то к речке. М мы едем едем, вот пытаемся подъехать к пляжу, там стада верб. Такие пушистенькие все! Беленькие! Мы через них проехали. Потом нам встретился какой-то мостик, очень узенький, и мы через него еле проехали тоже, потом подъехали к пляжу, (Я вообще плавать не умею. Не умела тогда, когда мне это снилось.) вот, и вот я почему-то поплыла. Нырнула, и поплыла. И вот так получилось, я доплыла, под водой, там лес растёт, берёзки, в общем я там нашла из сказки, чудо-меленку, (Вы же знаете?) вот, чудо-меленку нашла, чего-то я всё такое но я её не взяла: мне воздуху уже не хватило, и я поплыла обратно, в своих родителей, и говорю «Пошли!, там чудо-меленка.» И вот они поплыли, но странно, на этом сон кончился.",NDS_054-f-z
"У меня чего-то там карета какая-то была, значит мы с девчонками поехали, я говорю «Всё, я пошла домой.» Вышла с этой кареты, захожу в ёлку, там дом. Большой такой! Ну и там жила... Потом чего-то по-моему эту ёлку срубили, и этот дом свалился, я проснулась.",NDS_055-f-z
"А, был сон значит, короче, на бал меня пригласили, а у меня нет платья, значит думаю: «Бал ну всё-таки! Как я пойду?» Ну одела там юбку короткую, пришла, а они там все в таких вот юбках там, (Там. Короче, такие все.) ну и я так удивилась, и говорю: «Чего такое?» «Это говорят новая мода там.», в восемнадцатом веке новая такая мода пошла. Я: «Ну ладно.» И всё в принципе.",NDS_056-f-z
"Вообще я занимаюсь шесть лет в танцевально-спортивном коллективе. Вот, и мне снится сон, (Я его вот чётко помню.) что д д ну руководитель другого коллектива подходит ко мне, и приглашает меня, и я н начинаю танцевать. Вот сильно отдаю сь все свои силы вот, делаю такие движения, которые наяву я не могу делать, это я точно помню, вот, и меня хвалят. Вот похвальба мне, и вот мне это нравится. Мне это приятно. Что меня вот так хвалят меня",NDS_057-f-z
"Так значит мне снится, что я где-то на природе вот, (Кажется на даче, но я вот там ни разу не была!) вот, и женщины две около меня какие-то были, мы с ними разговаривали, не помню, и вот небо стало значит было голубое-голубое, с белыми облаками, а потом всё стало очень чёрным, и такой б очень громкий шум был. Я закричала: «Давайте убежим!», в домик что ли или куда-то вот, и стала это собираться, но почему-то тут вот мне показалось, что я иду очень медленно, хотя это я рвалась изо всех сил, и тут вот из этого неба такие удары послышались, что я аж руками уши закрывала, то есть это было очень громко, и вот с неба ну показался какой-то высветился человек большой, с огромной дубинкой, и вот так долбил об землю! То есть и такие гр такой гром был ужасный! И после этого я проснулась.",NDS_058-f-z
"Ну такой был сон. Озеро какое-то, (Или речка, или озеро, но по-моему озеро, потому что как-то маленькое такое, небольшое.) и через него как-то бревно какое-то, типа моста. Там всё как-то маленькое, и в то же время большое. Вокруг такой лес какие-то деревья голубое небо ну хотя как-то это прохладно так! И два моих друга там были. Один Мы значит с одним стоим как-то на берег на одном берегу, а другой на другом берегу. И мне вроде как к нему нужно подойти, но я не могу. Внутри что-то вот не пускает. А друг мне говорит, «Нет, ты ты подойди чего-то сама к нему! не он должен сюда перейти, а ты должна туда перейти!» И я вот У меня что-то было вот, ну не хотелось мне этого делать, но всё-таки я перешла. Я это сделала, потом не помню какой там был конец, по-моему всё хорошо кончилось",NDS_059-f-z
"Вот, мне снится, что значит я на каком-то курорте там все мои друзья все родственники всё такое яркое солнечное море такое синее песок всё такое жёлтый солнце яркое, и сь небо такое сь чисто синее, всё такое безоблачное, безмятежное, все — вот кого я люблю, — там, и мне и мне нужно было зайти значит в номер, для чего-то. Ну я даже не знаю для чего, гостиничный, и вот я п бегу такая, вся такая спокойная, умиротворённая, по коридору, захожу в комнату, а комната значит к комната, а из комнаты выходит на улицу такая веранда, н ну веранда, она вот шторами загорожена! Вот как гардины Вот, ну я подбегаю к нему, к этой шторе, чтобы её открыть, открываю, в комнате полумрак, открываю, и передо мной так висят семь трупов. Семь трупов повешенных, причём китайцев.",NDS_060-f-z
"дома, и рисовал. А в доме что-то зашевелилось, и все соседи спрятались в одной комнате за занавесками. Угу. А на другом доме какой-то был светофор. Он показывал красный свет. Я испугался, и вышел на улицу. Но это ещё не очень страшно было.",NDS_061-m-n
"Нет, я лучше другой сон. Страшный, самый настоящий. Значит папа ле мой лежал на кровати. А я играл у себя в комнате. А в комнате был какой-то был звук, «И!», а я знаю, что это был за звук! Это был з звык звук, это значит там выйдет дядя, с каким-то там ножом, и значит что он меня полезе пореж жет зарежет. А я сразу побежал к папе, сказал ему, а он а он говорит а он вот а он говорит: «Поедем там куда-то на дачу!». Я ему сказал: «Да. Но ска Ну сделай что-нибудь!». Чтобы он мне это сделал. Но всё-таки подошёл этот дядя, и всё.",NDS_062-m-n
"Я посмотрела на окно, на само стекло, там никого не было. И вдруг прямо из стекла как будто чёрная кошка, но почему-то я крикнула, что это волк. Она как будто появилась из стекла, и исчезла, когда упала на Олину кровать. Но там то ли тоже я проснулась, то ли кто-то зажёг свет.",NDS_063-f-n
"Ну мне снилось, как будто я попала в армию. И была вот тогда война! Когда я услышала, что бомба гремит, то я побежала к командиру, и сказала это. А командир мне сказал, чтобы я шла и сообщила это всем солдатам. Потом он меня назначил своей помощницей. Но один раз немцы меня захватили в плен, и потребовали за меня выкуп в сто долларов. Тогда наш командир дал это, (Сто долларов немцам.) и немцы меня отпустили, но я знала их все их тайные ходы, и командир меня спросил: «Ты знаешь все их тайные ходы?» А я ответила «Знаю.» И я тогда побежала к немцам, и сказала, что я расскажу им все русские тайны, если они мне покажут ещё одни тайные ходы, они показали мне, я побежала к русским, всё им рассказала, где их тайные ходы! Тогда русские тихо за мной пошли, я провела их, через трясину, и через зыбучие пески, и тогда я сказала им, где находятся тайные хода, а там — в тайных ходах, — было очень много оружия. А русские взяли это оружие, и убе жали. Немцы когда зашли в тайные ходы, все тайные ходы обыскали, нь ни следа оружия, тогда они пошли к русским, и хотели меня захватить, но я очень хорошо умела, драться, потому что я ходила в школу кунг-фу. И я их всех побила, и они убежали, к себе, сказали капитану, но капитан этого приказал отступить. Тогда мой командир меня наградил золотой медалью. Которая стоила двести долларов. Он даже сказал, чтобы я была — с этого дня, — к командиршей. Если он уйдёт уедет в отпуск, чтоб я командовала солдатами.",NDS_064-f-n
"комнату, в которой нет света, мне кажется, что кто-то ко мне подбирается. Чёрт. Как будто бы. И я быстро включаю свет от страха. И Потом мне кажется, что тот приходит как бы, к своему шефу, начальнику, и говорит: «Ну как?» А он говорит: «Ну как всегда: она включила свет, я её не смог украсть.»",NDS_065-f-n
"лезные решётки, я будто бы лечу вниз, а внизу острая гора, я прямо приземляюсь на неё, ну и сижу. Впереди лес, как-то темно вокруг (Вечер будто бы.) вдруг из леса выползает огромный паук. Настолько огромный, что он похоже может затоптать весь лес. Как один листочек. И как будто он ко мне подбирается, и хочет меня съесть.",NDS_066-f-n
"Я был на улице. Там шёл сильный дождь. У меня шла кровь. Ну да вроде. Ну текла вот там вот так вот прямо. Из руки. Туда приехали две машины: одна ст скорая помощь, а другая какая-то другая, не разобрал. Спросили «Туда или туда, куда пойдёшь?». Я ушёл вообще. Ушёл-ушёл. И где-то зашёл в какой-то дом, там и сидел. У меня уж кровь перешла идти. Там зашёл какой-то человек с обезьяной на плече, и с мешком. И сказал: «Собираем налоги! Все сдают, сколько денег есть!» Ну я сказал «А сколько нужно?» НРЗБ2 «Сколько есть.»... «Ну а сколько именно?» Он говорит: «Всё, что есть в кошельке.», «А у меня вообще нету.» «Ну вон из страны!!» Я ему дал кулаком, он отлетел, а обезьяна сказала: «У тебя что, ничего нету?» И убежала.",NDS_067-m-n
"и там мой друг, мы вышли на улицу, и там какие-то подбежали ребята, и начали нас толкать потом начали драться. Мой друг ударился об что-то головой. Когда его толкнули. А я их там всех рас раскидал, и побил! И ушли И мы ушли.",NDS_068-m-n
"Я сидел на даче, в спальне. И вдруг я услышал грохот между дверями! Когда я спустился вниз, я увидел что дверь взломана! Я зашёл в комнату, в большую, и увидел из темноты маленькую тень которая молится. Я сел на пол, включился свет, и загорелся Вид! И он на меня прыгнул, и испугал меня, и я закричал: «А!»",NDS_069-m-n
"Ну, мне приснился сон. Что я стою, и вдруг пришёл ко мне Вид. Я его не узнал! Он какой-то был совершенно как человек! Китаец! Ну я тогда (Он мне рассказал историю. Скорее всего он включил телевизор, и я его увидел. Не его скорее всего, а сам это историю. Началось всё в Древнем Китае. Примерно в третьем году до нашей эры. Там Жил-был такой монах Цзянь Цзё. Это который мн он. И есть сам. Этот. Царь решил всех монахов перебить. Но монах чудом спасся. И он это каким-то образом убежал в Монголию. Там он взял оружие, (Кстати им нельзя было оружие иметь, но ему пришлось нарушить закон, и пришёл в замок, чтобы мстить! Он всю армию перебил! И короля тоже. А потом он встал на трон. Осталось два человека, которые против него были. И эти два человека не любили его его. Он завёл себе лягушку, они отбили у неё одну лапу. Она стала трёх ногая лягушка. И он просто сь Потом он один раз вышел на бал Он стал носить эту лягушку на голове. Потом он один раз вышел на балкон, и его пристрелили... То есть не пристрелили, а за резали. Саблей. И его поставили памятник в исторический музей, и памятник выглядел, что были щуритые глаза вверх нос он такой был белый, улыбался, лягушка на голове. Затем видовцы пришли, и перерисовали его, очень не так. Они перерисовали: у него были щуритые глаза, нос, неулыбающийся рот, брови, и вместо ляг лягушки шишка.",NDS_070-m-n
"с мамой с Димкой и с работы приходит папа. Мы едем по магазинам, покупаем там игрушки вещи потом мы приезжаем домой, Димка уходит гулять, а я остаюсь дома, с мамой с папой. Мы смотрим телевизор, потом едим, а потом я снова засыпаю, как бы уже в сне, и (Ай! Как бы это сказать?) и когда я сам просыпаюсь, мне как бы кажется, то что я во сне ещё. И вот что так плохо, чувствовать то что ты Ой! Хорошо чувствовать, то что ты сидел с папой как будто с мамой с Димкой сидишь телевизор смотришь а оказывается, это всё неправда.",NDS_071-m-n
"Вот мы с Димкой уезжаем на дачу, и там мы ходили там в лес... И мы там увидели кролика, и погнались за ними с Димкой. Хотели поймать. И в клетку посадить. У нас дома — там в доме, — была клеточка, где мы их можем. И вот мы забежали, в лес, далеко в лес, в чащу, где мы не могли определиться, хоть у нас даже компас был, и не можем никуда и ни в какую сторону ни пойти. И мы там остаёмся, ну не знаю остаёмся, и нам очень страшно! И ещё когда вот например мы с Димкой на крышу нашего дома залезли, и мы с Димкой подскользнулись, и там с дома вниз. Падали. Я вот представляю, то что это по правде. И сразу же у меня или рука дёрнется, или нога. Потом я просыпаюсь.",NDS_072-m-n
"Это было на даче. Мы бежим с Алёшей по дороге, но там этой дороги нету. А за нами как обычно (Ну это как бы сон повторяется, и там разное всё. Вот, а за нами гонится какая-нибудь нечистая сила, в этот раз — как я помню, — гнались за нами черти. Там... Вот, мы сначала побежали к баб Кате. Это соседка по даче. Там было это К тому же нам ещё бежать где-то на время, если мы не успеем, мы просто умрём. Вот, когда я ну прибежали к баба Кате, (Это так во в моём сне считалось что это ну это как бы защита, ну защита, и это правда вот. А потом мы побежали к Марье Акимовне, это мы снимаем дачу. И как раз когда настал рассвет, этот чёрт сложил крылышки. Всё, на этом я просну",NDS_073-m-n
"Это просто я его увидел, так же как и наяву. Только он немножко Я я вижу практически наяву одних и тех же у уродов, потому что у нас они живут в нашем доме, но в другом корпусе. В корпусе “А”. И их по-моему мне кажется д два урода. И Но я увидел во сне совсем другого, не такого как они: уродство одно и то же, но волосы другие глаза другого цвета одежда другая... И ну так же как и наяву ли. Сон. Я бы составил — если бы хватило времени, — схему, даже такую схему всей этой ночи, потому что у меня запомни запомнился не только этот сон! Но запомнился ещё и предыдущий сон! Но он более смутно запомнился, он не страшный был. Он гораздо длиннее был, и не страшный.",NDS_074-m-n
"Один раз я видел, что что эт на когда я иду куд куда-то, «Куда?», мама говорит «Постой здесь!», к кому-то пошла, и я подумал, что она не идёт гулять пока! Как будто во сне заснул жду маму а никого пока нету, и зашли как будто пьяницы какие-то. А мам мама пришла, сказала: «Пойдём пойдём!», а они как будто закрывали дверь заходили потом не уходили, потом мы с мамкой побежали как будто я упал во сне все штаны испачкал коленки... И больше я ничего не смог вспомнить.",NDS_075-m-n
"Чего-то как-то м м мы с мамой й ехали на такси, в июне, мама куда-то отошла, сказала там «Я куплю там что-то.», и машина поехала без мамы, а за рулём никого не было, и руля не было, и она сама ехала. Потом остановилась, я вышел, и там мама была, и мы сели обратно в машину, и там уже и всё: был и руль, и водитель нас довёз до дома. Ну далеко тогда Когда я один был там, в машине сидел, я далеко очень уехал, ну вот долго достаточно ехал, всё. Конец там был. Конец, когда остановилась машина, я вышел, и там мама стояла!",NDS_076-m-n
"Я стоял в большой комнате. С мамой, и вдруг усл и мама куда-то отошла, и я услышал так вот: «У!» Как вой. В трубе. В печке, в деревне у меня было так. В деревне была печка! И я по вышел, к окну, и увидел языки пламени, я испугался, и пошёл к маме. Мы с мамой как-то вышли, на восьмом этаже на лестничной клетке дыма не было. Ни звука ничего. Вот чем отличался мой сон ото всех других про пожары. Потом мы пошли мы с мамой на улицу, сели на автобус, и уехали куда-то за город. Просто вот такой не страх, как будто сердце похолодело. Вот что я чувствовал.",NDS_077-m-n
"Я стоял Я садился в автобус. И уехал с мамой. А там была деревня. Насыпь — (Внизу, под дорогой, по которой уезжал автобус с нами.) — и под ним завод. Там Коля плакал, из-за того что я уезжал. Вот такой был у меня сон.",NDS_078-m-n
"иснился сон. Я сижу дома. Вечер. Бабушка с дедом собираются. Я вечером уснул, просыпаюсь вечером. Днём уснул, а вечером просыпаюсь. Значит дед с бабкой собирают рюкзаки. И потом дед спрашивает бабку: «Куда это мы идём?» Они говорят: «Наш дом скоро развалится! И упадёт. И мы должны отсюда выселиться.» И мы уезжаем из дома, ждём. Подъезжает ЗИЛ. Мимо Но мимо проезжает. Тогда я бегу к дому. Забегаю внутрь. Потом И когда я иду оттуда, уже лестницы начинают рушиться! И мы садимся в автобус. Но дом ещё не падает. Только лестницы внутри обваливаются. Мы садимся в автобус “Икарус”. Мест свободных нету, и мама стоит, а я сижу на сиденье. Автобус “Икарус”. Зелёного цвета, с белой полосой наверху, едем, потом что-то записывают нам. О переселении. А бабка с дедом на ЗИЛе до этого ехали. На самосвале на старом. На старом. И мы приезжаем. Я подъезжаю к дому, а там один остов остался, от первого этажа. Балки, я их пинаю, и вкус такой во рту, как будто ем какие-то противные таблетки. Вкус такой во рту. Вот и всё.",NDS_079-m-n
"Ну вот. Значит. Шла-шла, и вдруг там колодец был, а я его не видела за травой, я упала туда, Настя сразу звать всех мою бабушку... Ну мы недалеко ушли от них! Вот. Это было бо Всякие лягушки змеи там было... Как болото! Вот. Я так испугалась вся! Когда меня вытащили, меня в больницу положили меня, (Там и змеи были ну вот, всякие змеи и лягушки там всякие пиявки...) и меня сразу в больницу положили, когда я очнулась, я думаю «Что со мной было? Чего? Ничего не помню!» У меня была нога больная лом хромала, ну вот, (Перелом что ли? Ну да. Перелом.) вот, нога... Ну и так.",NDS_080-f-n
"Страшный сон приснился, там какие-то люди — страшные, — ворва́лись в дом. Там у нас к какое-то время, и не выходили. Там как бы зомби. Я пряталась, там вот наша школа что ли мы прятались потом как бы уезжали все из этого района, а потом этот дом сломали, и НЗРБ3 переселились на другой дом. Потом я проснулась.",NDS_081-f-n
"Мне снились какие-то большие шары, и как будто на меня падают, я боялась... Потом ка потом какой-то человек подходил, и меня кусал что ли я убегала кричала «Мама мама» (Я с бабушкой спала, и нечаянно её ударила.) разговаривала во сне боялась... Мама прибегает: «У нас что-то случилось?» Я боюсь этих сны, а он повторялся уже несколько раз!",NDS_082-f-n
"Я значит с братиком гуляла, а там такое вот такая глубина, там так высоко, и там море. Вот, там некоторые мальчики купались. И когда мы шли так, вот братик это чуть не упал туда. Девочки п Одна де одна девочка подошла, схватила его, и бросила прямо в море. Я заплакала. Всё.",NDS_083-f-n
"Я у своего друга, там наш дом отрем ре на ремонт поставили. И всех переслали в другой дом, какой-то грязный, серый, там лестница побитая... И вот там ещё моя мама. И мы гулять собрались, а я куртку забыл одеть, а мой друг выбежал, ему показали музыка неприятная, на площадке какие-то пьяницы были... И я испугался, и там так и ос тался там, пытался дверь запереть к парадному там, (Не запиралась.) потом в зв в звонок звонил, (Никто не открывал...) потом там ещё громче музыку включили, и я проснулся. И больше вот ничего не помню.",NDS_084-m-n
"поехал на двадцать второй этаж, на крышу. Я там летом был, и по-моему оставил стул. Там я начал падать, с крыши, там за что-то зацепился, держался, потом опять начал падать, а потом меня мой друг поймал там, за руку, с балкона. Я висел, потом он тоже чуть не упал, там вызывали пожарников, они подъезжали, и лестницу поставили, нас сняли, и потом я уже ничего не помню.",NDS_085-m-n
"мне сон, он у меня был какой-то обрывистый. Сначала мне снилось, что мы с ребятами играем во дворе. Почему-то мы играли в куличики. А потом вдруг в у меня образовался — в мозгу, — какой-то лабиринт. И я по этому лабиринту ходил, вместе со своим другом. Потом попалась по дороге какая-то верёвка, и получилось ещё что-то. Чего я уже не помню, но уже была третья часть моего сна, там я ходил ещё по какому-то лабиринту, только там было очень темно. И я постоянно натыкался на стену. Вот на этом меня уже И всё, споткнулся, и меня разбудили.",NDS_086-m-n
"Был сон значит, в общем-то Москва-река как будто, и сон, ну, мост такой, он верёвочный, и я все х шли по ним, а я боялась: он очень сильно шатался, когда я ходила, и я всё время падала с него. Просыпалась.",NDS_087-f-n
"пошли с бабушкой — моя бабушка, тётя Оля — моя мамина сестра, — и тёти Олина дочь, я и мама, — пошли в метро, и я была в таких жёлтых таких туфлях таких, с такими с шнурочками, мама купила, вот, и я пошла по метро. И когда мы шли по метро, мы чего-то по лестницам ходили и я в туалет зашла. И туалет как-то странно был: без лестницы, там такая горка была. Я тогда забралась туда, не сходила так в туалет, слезла, и мы пошли. И вдруг раз так, тёти О тёти Олина дочь — эта Таня, — и говорит: «Вот сейчас Екатерина Вторая будет отпевать мёртвых.» И вдруг такие так вот я спускаюсь по лестнице, смотрю так, много-много гробов лежат, вот она чего-то сходит, такая красивая женщина, и начинает чего-то делать, и вдруг там из гробов доносятся голоса-a там разные-разные! Там и дети плачут и петухи кукарекают... Вот так вот, был такой сон...",NDS_088-f-n
"Мы шли по лесу с мамой где-то в магазин, это был день, как-то вот не лес, а какой-то был вот как просёлочек такой, что-то такое нечто. И вот когда мы с мамой шли, я вижу, к одному толстому дереву привязан какой-то старец, у него длинная борода, и он седой, и он он приэто не привязан, а прибит гвоздями, не за руки, а вот просто вот: за рукава его пальто. Пальто было клетчатого, серого цвета. И голова у него была наклонена вниз, так что я не смогла посмотреть его точно черты ль лица, у него голова была наклонена вниз. И я испугалась, и говорю «Мам мам Слышь мам Посмотри!, здесь мёртвый!» Мама говорит «Да нет, это говорит это не мёртвый, это просто макет, это вот фильм какой-то снимали, и так вот оставили, прибитым, потом снимут.» И вот у меня чего-то такое как-то во сне какое-то чувство страха охватило, и вот во сне у меня к как будто во сне вот такая вот пословица какая-то, не то что она бы есть по-настоящему, а вот просто какая-то пословица, такая вот, сейчас я её вспомню, сейчас: «Если увидишь мертвеца, то самому скоро быть умершим.», вот так, и я как-то испугалась, и всё так вот. А когда мы пришли домой, (У нас балкон стоит, с бал рядом с балконом — по-o левую сторону, — стоит телевизор, и около телевизора ковёр и кровать. И вот мне приснилось, между это вот это между телевизором и кроватью какое-то что-то нечто балкона, только маленькое, как маленькое окно. И вот оно прям до самого пола. И вот как-то мне было страшно туда заходить, потому что думаю «Упаду...», не знаю, что это такое! «Упаду!» думаю, вот, и там мы его завесили шторами там какие-то купили шторы... Вот такой сон.",NDS_089-f-n
"что я (Как это лучше сказать?) ну что я поссорила маму с папой. Ну где-т ну где-то так. Поссорила, и папа оделся, ушёл. Мне конечно я сижу за уроками, рыдаю, пришла мама, сказала «Что ты наделала!». Я говорю «Ну я не виновата! Не получилось у меня...» Мама не ругалась, и сказала так: что «Если сейчас не придёт папа,» (В общем на ужин. Как обычно у нас в семь часов ужин.) «не придёт на ужин, ты по оденешься!, и пойдёшь за ним! Куда ты хочешь, я не знаю, куда он пошёл, я тоже не знаю, так что ты пойдёшь его искать! И до вечера — до десяти вечера, — ты должна мне его найти! Не найдёшь, не знаю что сделаю.» Ну я пошла, ходила ходила пошла в лес, (Просто знаете там, может п погулять пошёл.) нету, пошла к нему на работу, нету, обошла всю больницу, тоже нету, потом я вспомнила, что он хотел пойти в гараж, что-то сделать там. Машину помыть не помню. Я пошла в гараж, сидит папа, моет машину, я говорю «Пап Мама просила вернуться. Прийти домой на ужин.» Он говорит: «Не пойду!» Я говорю «Почему пап?» «Ну не пойду!» Я говорю «Ну пап!! Ну пожалуйста!! Ну пойдём!!» Он говорит «Нет, не пойду. Сделай задачу!, я приду.» Ну и пошла домой, сказала маме, что если я сделаю задачу, то он придёт. Мама мне быстро всё сделала, всё з написала, и переписала задачу, но правда кто-то сидел видел, какой-то чёртик, и сказал папе, что я что я не сама делала задачу, а делала мне её мама, а я переписала. Я прихожу опять к папе в гараж, уже восемь часов, я говорю «Пап Я сделала задачу.» Он говорит «Нет, ты не сделала. Тебе решила её мама.» Говорю «А откуда ты знаешь, что мне её решила мама? Может я её сама сделала?» «Нет, тебе решила её мама, напиши там», какое-то задание он мне дал, говорю «Хорошо.» «Если ты сделаешь, пойдёшь по покажешь мне, что ты что-то сделала, и я пойду с тобой домой.» Я прихожу домой, опять говорю маме, что мне папа сказал сделать вот эти номера, она говорит «Садись делай сама! Время у тебя ещё два часа, (Ну полтора, пока там п пое пойдёшь, пойдёшь за ним...) полтора часа, а если не сделаешь, то», не сказала чего, и и я начала делать, сидела сидела сделала за час пятнадцать. У меня оставалось минут пятнадцать. Я пошла к папе, и говорю «Пап Я сделала.» И он ко мне оборачивается, снимает маску, а это не он. Я сижу, думаю «Что ж мне делать? А где ж папа?» Иду, обхожу весь сад, с моими собаками, не с моими, а там у нас в саду собаки, думаю «Что мне делать?». Собаки на него лают, он ушёл. Человек. Я говорю «Эт» Прихожу домой, говорю «Мама Это не папа был.» Она говорит «А где же папа?» Я говорю «Ну не знаю.», говорит «У тебя ещё есть полчаса за ним идти.» Я пошла, на детскую площадку, посидеть, думаю «Что мне делать?» Оделась, и пошла на детскую площадку. Смотрю, сидит папа, играет в куличики, я говорю «Пап Пойдём домой!» Он говорит «Пойдём!» Мы приходим домой, и получается что у нас ничего не было, а папа просто пошёл погулять. Сказав маме, что он по пошёл гулять. Но мама это забыла, у неё не знаю, как по подумала так, и вы забыла, что я ничего не сделала, и мне внушила, что я что-то сделала, и а папа по пошёл в гараж сначала, и помыл машину, и пошёл в лес, погулять чтобы подышать свежим воздухом, зная, что я не пойду, пош по пошёл один, и вот я прихожу на детскую площадку, сидит папа, я говорю «Пап Пойдём домой!» «Пойдём!»",NDS_090-f-n
"Это в будущем было. Ну я значит с Чингизой пое хотела уехать в Отдых, (Одна.) (У меня Чингиз пёс такой. Огромный, и вот однажды мы значит стоим в метро ждём поезда (Ну там нужно на метро было проезжать!) ну ждём мы поезда, (У меня вот голос охрип.) не знаю, и там значит приезжает такой ну поезд, и вдруг я смотрю, Чингиз в это на рельсы прыгнул! И там смотрю, какая-то ну тётька его подкармливает! Я значит обозлилась, и кричу: «Зачем вы его кормите там?, туда утягиваете?». Ну значит, в целом, такая тётька на меня посмотрела, я смотрю, у неё лишний глаз оказался, и какое-то лицо варще мертвячье! Я Чингиза позвала, как-то еле-еле выманила, и дала дёру. Ну там и так далее продолжалось.",NDS_091-f-n
"Собака, есть вот у моей бабушки, вот, и я когда маленьким был, я с ней плохо обращался, (Я не знал что потом будет!) и собака меня очень гоняла после этого. И однажды чуть не покусала, и так сказать у меня в глубине души постоянно ненависть вот против этой собаки! В общем-то она мне ничего не сделала! Я вот ополчил её против себя! Но у меня такой сон был. Значит вхожу я там во двор к ним, и значит а бабушка говорит: «Саш Собака-то не закрыта!» Собака выходит из будки, а вместо того чтобы бежать со двора, начинаю с ней биться. Ну всё прошло нормально. Там я её  схватил, мы катались катались, потом собака ушла, я тоже ушёл. И всё. Вот так, это я сокращённо рассказываю там.",NDS_092-m-n
"ну значит во сне я вот шёл в школу, и мне вдруг встречается абсолютно человек, который я не которого я не знаю, и не знал до никогда, и я говорю: «Привет» То ли Федька или кто-то я не помню, чего-нибудь сказал там, какое-то имя назвал, «Снимай свою маску!, я знаю, что ты Столяров!» Потом он говорит: «У меня нет никакой маски! Я не не тот кто ты думаешь.», и т так далее. Потом чего-то муть какая-то шла потом башка Столярова передо мной появилась я по ней инстинктивно хлопнул при этом свалился на пол, сон кончился, заснул, продолжается, башка Столярова рассыпалась в песок, и так далее. Ну я даже конец там не помню.",NDS_093-m-n
"старая квартира, но ребята с нового двора. Мы идём, идут значит какие-то ребята блатные, с пистолетами там автоматами ну и чего-то спрашивают, а я не расслышал, он говорит «Чего?», я говорю «Ничего.», он говорит «Сейчас пристрелю!», ну вот, взял пистолет там, так стреляет, и тётка: «Отой вот отойди!» говорит, ну, из автомата очередью раз, (Там ну у нас насаживают шиповник такой, на на это самое как его дорога, на тротуар вы высовывается, она видно подумала что я за ним спрятался.) а я лёг на землю дальше за деревом. Ну она прострельнула пару раз про шиповнику, и начала по дереву, я потом прыгнул туда, за ши ну за шиповник, она по дереву стреляла-стреляла, думала, что меня убила. Потом они ушли вот. И дальше я ничего не помню.",NDS_094-m-n
"Мама чего-то попросила за чем-то сходить. На кухню. Там было темно. Я пошёл ну и мимо раздевалки как-то проходил и на меня накинулось какое-то пальто так, с вешалки, и я вот ну как бы с ним др дрался с ним. Теперь вот боюсь.",NDS_095-m-n
"моя машина, стоит, а я как бы под колесом лежу. Меня мамка тащит, тащит, и как-то странно и вытащить не может. Потом чего-то машина завелась, (Уже.) и меня как мамка дёрнула, и я вылез, мы начали обниматься обниматься радовались... Потом раз так, стали дорогу переходить, и как чуть ли наша машина прям не сбила. Так вот пролетела. Это мне всё там снилось!",NDS_096-m-n
"когда мама хотела перевести дачу с папы на её. И ходили долго ездили, где насчёт дачи, документы подписывали я тоже с ними ездил и м мама там подписывали документы с мамой и перевели... Мы туда сразу поехали. Папа поехал домой. Ну я плакал там...",NDS_097-m-n
"Там в общем в городе война была какая-то. И мы по железной дороге шли, шли долго, пришли в такое место, был лес. Там железная дорога проходит, и лес. И проходит узенькая-узенькая тропинка, вот, потом куда-то родители все делись, ну вот уже, и я один остался, вот. Но меня почему-то это не вол не волновало, что родители, ушли. Ну исчезли, вот, и где-то оно вот по жизни у меня там проблема была, такого рода: это то другое то время было, когда все пр все мои проблемы с обществом только начиналась. Вот, и я столбик забил, вот, как на железных стояло этих дорогах стоят, там два километра три километра... А в И всё У меня там еле ги Если у меня так с кем какая-то проблема, то я иду вдруг, возвращаюсь на эту место, и забиваю этот столб.",NDS_098-m-n
"Значит мне приснилось, что я с соседкой гуляю, с Ленкой Нoовой, (Ну у неё пор пудель есть, я помогал, это действительно гуляем. Вот.) гуляем, и значит гуляем, и вдруг все исчезают, и начинает дым дымиться снег дымиться начинает. И НРЗБ7 этот дым поднимается, и дым такой вот какой-то очень ну едкий, вот, я решил, что там все исчезли, все. Там вот всё было день, стала ть тьма, и я пыта это про воздуха думаю: «Во вон вон мой подъезд НРЗБ3, до него добежать нужно!» Набираю воздуха, пытаюсь бежать вот, и меня что-то сковывает, я не могу стоять: чувствую, то что у меня в лёгких чего-то болеть начинает. А на самом деле я —  как это, — с спал, и вот действительно: я сам вот набрал воздуха, ну вот уже по-настоящему, и держал. Во",NDS_099-m-n
"Я была одна дома. И и п и постучали в окно, ну я испугалась и не стала открыва я спрашивала, но я не знаю ну в общем спрашивала, я не знаю, кто это был. Ну й я отвеч спрашивала, а голос какой-то незнакомый. И я ну не стала открывать дверь. А потом слышу, говорит: «Дочь Открой! Дочь Открой!» Я с поняла, что это папа. Ну вот. О открыла ему дверь. Он он стоит, и говорит: «Когда эт ког ну когда Когда с тобой это всё началось?» Я не поня ну, я не поняла. И вот снег пошёл... Я дальше не помню.",NDS_100-f-n
"Я вхожу в мой подъезд, и там а у нас железная дверь, и там я смот и там я начинаю крутить такой вот замок, который был раньше на классах, такой кругленький, и вот докрутила, пока вот эта вот вся вот эта металлическая штучка скрылась, ну вот, за дверью, вот, чт что открыта дверь, и закрываю её. Но опять замок не повернула. И спускаюсь вниз, на первый этаж, вдруг ко мне подходит вдруг я ви и когда я хочу уже нажать на кнопку лифта, подойти к лифту, и нажать на кнопку лифта, то дверь в подъезд открыта, и входит какой-то человек, я и он с с длинными такими вьющи мися светлыми волосами, и с сумкой, за плечами. Вь и с верёвкой, в руках. Ну вот типа такого ну типа каната, вот ковбойского. И подх И он спускается ко мне. Я вдруг оказываюсь на третьем на четвёртом этаже. Он спускается ко мне, и и я хочу бежать от него, мне кажется что он хочет мне что-то сделать, я хочу уб  это убежать от него, но нь ну как-то но как-то не мо но не могу, чего-то не могу ничем чего-то подвинуть, как будто немножко меня парализует. И я стараюсь та А он ко мне уже подошёл, я стараюсь это открыть глаза, чтобы проснуться, ну и н ну и проснулась конечно.",NDS_101-f-n
"Как будто мы с мамой идём, вот. А я уже взрослая такая! И вот снится, что я ну как будто мне мне мама дала это сигареты. И я курю. Я говорю «Мам А потом у меня вдруг ещё обнаружится, что у меня лёгкие чёрные? что вообще скажут, ты такая-сякая?...» Ну вот, а она говорит: «А от этих ничего не бывает.» Ну я так удивилась...",NDS_102-f-n
"Мне приснился сон. Что недав я и бегу по больнице, (Больница была не та, в которой я лежала последний раз, а перед ней.) что я бегу по этой больнице, никого нет, одна темень, и захожу в какое-то помещение в тёмное, вот, и встречаю там НЛО. Которое мне что-то показывает. Там пальцами что-то я этого не понимаю, потом оно в конце концов махает на меня рукой, и всё, этот сон прекращается. Вот. Потом где-то дня через четыре стали сниться сны. То есть сн стали сниться сны так: что идёт сначала нормальный сон, он не прекращается, кала а где-то в середине такой как бы кадр встаёт: что как бы я лежу, с и из головы у меня идёт кровь. И я стою на себя смотрю. Так снилось наверно А потом заканчивается этот сон, и продолжается продолжение того старого сна.",NDS_103-f-n
"Мне стало сниться, что уже начал появляться свет. И это опять-таки стою с головой, из которой идёт кровь, я смотрю вот, и появляется человек, только как бы себя я не видела на самом деле, а просто видела, что как будто я смотрю.",NDS_104-f-n
"Стал сниться сон, что я опять-таки лежу, но уже я себя вижу в двух лицах: что я стою, и что я лежу. И из этого света появляется человек! И начинает мне говорить, что «Я же ведь тебя предупреждал!», и я смотрю на него с таким недоумённым видом, вот, и всё. Этот человек, он обыкновенный человек, мне показалось что это почему-то был мужчина. Полукороткая стрижка, которая прям ну так, как бы вот ну вот как у человека обыкновенного. Там мужская стрижка, ну а заме что меня насторожило, что это заместо носа у него были просто две дырки. Вот. И пальцы. Наверное раза в два больше чем наши. И А так он в общем человек, настоящий. Нет, он ни на кого не похож, я этого человека просто видела в первый раз. Он был похож на того человека, когда я видела первый самый первый сон, когда вот как будто я бежала по больнице, и зашла в какую-то комнату, и там увидела НЛО, только то НЛО было вообще лысое, вот, а он был наоборот, уже с волосами как бы. Но он был чисто по лицу очень похож. С ним, тоже пальцы такие длинные...",NDS_105-f-n
"Сон был со Змеем Горынычем, и й я сидел дома, у у у бабушки, (Это то точно й й я помню там.) и й я помню о о о ок о о кошко, её, о окно, и чего-то оттуда п появился з змей этот. Чего-то он чего-то забрал меня, потом помню коридор, и и и я п так по нему летел. Потом й я помню, ссидел и чего-то о о о о о огонь чего-то был.",NDS_106-m-n
"Я была в другом облике, в облике девушки, с тёмными длинными волосами, уже была взрослая, вот, что-то мыла голову вот, потом ходила по квартире потом ко мне вошёл какой-то мужчина похоже, что мамин возлюбленный ну что-то такое, муж вот, но почему-то я в него была влюблена. И даже по-моему и он в меня. И всё, по-моему больше потом я прос",NDS_107-f-n
"Ну вот, я была это сама не игрушка эта, плей стейшн, а вот героем этой игрушки. А а рядом была моя подруга Ира Вшвили, вот. Мы с ней прошли какой-то первый тур, я точно не помню какой. Ну по-моему в каком-то поле были. Потом мы прошли много, но не дошли до конца. И проиграли, и по-моему это начали считать там очки, вот. Ира куда-то уш исчезла. Я оказалася одна в большом- пребольшом в зелёном саде. Ну, я была похожа очень на девочку — на Герду, — из мультика “Снежная королева”. Вот, ну и я шла по этому саду, и куда-то дошла до какой-то двери. Поднялась по лестнице, и дошла вот до этой двери. Там стояла значит Ира, и вот эта вот её бабушка, и ещё какие-то девочки. Вот. Ну, потом мы чего-то говорили-говорили немножко даже по-моему поссорились с И́риной бабушкой вот, ну всё-таки вошли в эту дверь бабушка тоже вошла ну осталася около двери, а мы с Ирой сели, и начали чего-то вот как — ну сейчас вот я вспоминаю, — как дирижировать, вот. А потом вот эти девочки — которые стояли около двери, — вошли, и тоже сели, только напротив. Стали смотреть, ну как будто это концертный зал, вот, и я очень обратила внимание на девушку, которая сидела в синем костюме, вот, и смотрела на меня, и даже чего-то там пыталась показать. А это была Деми Мур. Мы как раз недавно смотрели фильм “Призрак”, вот, и она мне приснилась. Ну и потом я проснулась.",NDS_108-f-n
"Значит я помню ночь, и я значит сплю. Ну это мне снится! И я услышала крики. Ребёнка. Вот, за окно выглянула, там значит свет такой таинственный горит вот, и кто-то (Я даже предполагала кто, у нас на пятом этаже живёт там семья пьяниц, вот, и с пятого этажа выбрасывают детей. Маленьких совсем прям. В пелёнках даже. Вот. И вот они кричат. И вот я проснулась. И вот это действительно был сон страшный. Я прям в коликах вся проснулась! Во",NDS_109-f-n
"Потом ещё один сон значит мы идём втроём, я мама и мой родной папа. И я смотрю, кто-то какой-то мужчина за нами бежит. И я увидела в его руке нож. И мы побежали. И я смотрю, он подбегает к маме, и хотел в неё вонзить нож. Но по-моему я так встала, что он в меня вонзил. И я проснулась.",NDS_110-f-n
"Потом ещё вот тоже наиболее такое, мне часто это видится, значит, ну мне приснилось, что мы — я Катя мама и мой родной папа, — были в лесу. Чего-то Катя полезла на дерево по лестнице. И папа вдруг схватил, и начал её кричать на неё прям — неистовствуя, — и бить, сильно. Вот, ну я начала сопротивляться, защити защищать её вот, ну и тут у меня вот такое как бы видение что ль там (Ну мне это часто виделось, и даже сейчас я могу закрыть глаза и это видеть, вот как будто тёмная такая стена, какие-то вот там коричневато-серое, чего-то чёрное такое всё, крапушками мелкими. И вот я как будто приближаюсь к этой к стене. Ну вот как будто пространство такое, тёмное. И я вот приближаюсь. Это прям лечу. И вот в этом пространстве так голос ра разносится. И вот я тоже проснулась.",NDS_111-f-n
"Мне давно очень ужасы не снились. Ну мне вот приснилось, какой-то такой чело ну женщина, она была вся вот прям белая, какая-то плоская, вот как доска, и почему-то мне показалось что это китаянка ну, с такими вот глазами! Вот, она была в какой-то коляске, и (Около дома вот есть такие, ок ну вот как подвал и такая загородка, и вот она как-то катилась к этой загородке, ну, это я всё видела, и причём была мама и Катя. Ну и чего-то  ну я-a ну так спросила, ну и мама говорит, что ну мол подойти по-моему меня она попросила, говорит «Пойди помоги ей!». Ну когда я подошла вот, она сказала что «Не трогай меня!, это вообще моя душа уже, это даже нь ну не человек, а душа, меня не трогай!, мы вот всегда так умираем. То есть это у нас это всегда, мы так умираем.» Ну а вот после этого я проснулась в общем-то.",NDS_112-f-n
"Вода. Вот недавно например приснилось что мы по-моему все вместе — я вот Саша мама — были около какой-то воды, вот чего-то вот такое, ну я уже так смутно помню, ну вода была какая-то мне казалось, что там ну совсем мелко, какая-то мутноватая такая вода, ну я вот нырнула, оказалась в грязи совсем какой-то, вот, ну чего-то я вроде бы проплыла всё-таки, перешла на другой берег, но было ужасно!",NDS_113-f-n
"Ну просто а нам чего-то позвонил кто-то в дверь, и я открыла дверь, и там была какая-то вот старушка. Ну она так ме Ну я так припоминаю, она вроде бы как попросила у меня денег что ли ну как нищенка. Ну ей то ли поесть что-то но я совершенно жестоко перед ней закрыла дверь, причём я это ощущала, что я вот именно жестокость проявила, ну можно было ей что-то, такая жалкая старушка! Вот, ну потом (Это вот было вроде как за нормальной дверью. А вторая старушка, она так позвонила в дверь, причём она была в нашей комнате, в нашей уже квартире, ну я открыла дверь, она тоже так попросила чего-то, но я перед ней опять же захлопнула дверь. Ну и вдруг пошёл в нашей квартире пошёл дождь. Вот с потолка прямо вот как дождь, как обыкновенный. Вот, и тут я поняла, что ну посмотрела на Катю, на сестру, и поняла, что она собирается пойти вот открыть дверь этой старушке, и вот как бы прочитала её мысли, что она думает, что она как бы волшебница, эта старушка, ну не такая, средняя, не то чтобы там злая или добрая, ну может и д добро делать как бы, и зло. И она пошла к этой старушке. Ну я сначала стояла-стояла на кухне, а потом тоже пошла в комнату, зашла, и извинилась перед этой старушкой, ну попросила прощения, то что я так захлопнула, а Катя с ней разговаривала. Вот, не знаю, о чём она разговаривала, ну и потом (Ну она так сказала, старушка, ну мол «Ну ладно ладно!» Вот, ну в общем-то как извинила.) и потом — вот сразу после этого, — как-то так неожиданно — я точно помню, — по-моему у меня на руках были булавки такие вот, ну как иголочка с закруглённым концом. И они были какие-то то ли горячие... И вот мама сказала, что это какая-то ведьма, и вот та вот старушка оставила их. Ну вот то ли укололи вот то ли укололи вот эти иголки кого-то но по-моему укололи. Ну вот я как бы поняла, что она такая ну как ведьма, и я её даже вроде как мысленно называла ведьмой.",NDS_114-f-n
"Я была дома, с мамой, братом, ну ну там, кот мне ещё снился мой. Ну вот, ну вот. Долгое там время снилось, как мы просто дома там, делами занимаемся... Потом чего-то тревогу я почувствовала, выглянула в окно, у нашего подъезда пожарная машина стоит. Я смотрю, оттуда пламя так. Полыхает, ну вот и там й не знала что мне делать: папы нет, а ну, мне почему-то казалось что я должна всё решить, не знала как нам спастись. То есть можно было бы по лестнице побежать, лифты́ уже не могли работать, но с мамой у меня же мама больная! Вот я мучалась долго... Потом проснулась.",NDS_115-f-n
"Я иду в большую комнату, (У меня есть своя комната, маленькая. И я иду в большую комнату. Там на стене какие-то светленькие точки, (Темно в комнате, и на стене эти светлые точки, и я чувствов ну я знала уже, что если они если их не погасить, то случится пожар. Вот я старалась их погасить. Некоторое время я бегала по всей комнате, (Они бегали! То исчезали то появлялись...) я бегала, гасила их, потом через некоторое время уже начинали они гореть. Случился пожар. И вот я просыпаюсь.",NDS_116-f-n
"Снилось что мы с братом одни дома, родители вообще не снились, потом мы пошли с ним по-моему на танцы, в одну студию, и увидели, ну мы высоко живём, на пятнадцатом этаже, увидели, как по нашему дому с такими с приспособлениями специальными лезут, двое мужчин. Потом увидели, что они залезли к нам на балкон. Мы побежали туда, вызвали полицию, ну вот оказалось, что это воры... Там вот ещё снилось, как мы с полицейскими пытались их разоблачить. И всё.",NDS_117-f-n
"В общем попала в такое как будто море, там были скаты вот и вот эти скаты, они меня (То есть я была русалкой. И эти скаты, они меня возили куда-то я не знаю, в какие-то очень красивые места, там были типа дворцов, (Но там никто не жил то есть, там были там людей вообще не было.) вот, и там были всякие украшения всякие бусы там ожерелья короны были вот то есть всего очень много! И мы когда вот приехали в какое-то одно здание там, (Ну не здание, пещера такая была, вот.) мы там увидели злобную акулу. Может это тоже так сказать тоже с обмороками связано, потому что я взяла короче одно украшение, (Оно было очень красивое!) и завязала морду акулью, я им закрепила, вот, (Акула была такая тёмная вся, серая!) так вот, и она всё злилась злилась, я подошла, и начала её гладить. И акула стала такой белой, вот, я сняла ожерелье, вот это вот, с неё, с морды, и она начала танцевать вот, бегать... И потом я значит одна вдруг зашла в эту пещеру, и там вот — когда я в обморок падал падала, — я видела вот, вот этот туннель, (Вот я вам рассказывала, помните вот? Там где я в кресло сажусь, вот, и вот я там увидела этот туннель, и очень испугалась, и ушла оттуда. А когда вышла, на меня все смотрели с удивлением: почему я испугалась. А я почему-то ничего не боялась обычно, такой грозой моря была! Вот, и я когда посмотрела на них, я решила что я должна буду туда пойти, и я туда пошла, а когда дошла, я села вот на этот стул, вот, я куда-то начала лететь вот по этому туннелю, я пролетела всю свою жизнь, то есть я просмотрела кусками всю с — знаете, как картинками, как слайдами, — всю свою жизнь вот, от как я родилась, и вот до вот до сегодняшнего времени. Вот, и последняя моя слайда была, когда я лежу, сплю, и смотрю этот сон. Вот. Этот сон у меня промчался ещё раз, а потом я вышла из этого вот места, села вот на ската, и мы поехали в другую пещеру. А в другой пещеры мне дали этот типа медали, где нап было написано: «Без обмороков». Такая медаль.",NDS_118-f-n
"Значит я была заведующей как бы, (Вначале я была больной. Вот, я куда-то ходила, выходила на ну так лестничную клетку, стояла с каким-то молодым человеком, и с ним курила, а потом я пошла к своему другу, очень очень давнишнему другу, я его мы до сих пор с ним дружим, вот, я его восемь лет где-то уже. В общем я пошла к нему, вот, он лежал в больнице, и я к нему не дошла, а заглянула в какую-то палату, где увидела свой класс. Человек вот так вот У меня в школе вот сейчас мне дали классное руководство. Мне дети завопили, «Нам Алёну Игоревну!! Нам Алёну Игоревну!!», ну пришлось... Ну так, я буду у них там два три урока после уроков вести, там каких-нибудь хотя бы, рассказывать им чего хочу... Подготовительная группа! Вот, и я к ним захожу, они чего-то воюют там кровати чего-то меняют я кому-то кровать сделала спросила, кушали ли они они мне вот сказали что кушали там у них чего-то грязное я всех переодела окно открыла вот такое вот. Вот, потом я их спать уложила (Там у кого-то кровать сломалась, мы взяли поменяли кровати, вот. Вывезли, я всё это делала в каком-то белом халате ходили вот, вот как врач! Настоящий! Вот, потом значит мы ходили ходили ходили, что-то делали потом я их уложила спать. Они спали в общем, и начинали засыпать уже, «Алён Прочти нам сказку!» Вот, я такая: «Давайте я вам прочту сказку!» Вот. Ну я села, начала им сказку читать вот, и как бы хоп, они заснули, я встала, и куда-то ушла. А потом — как бы наутро, — я прихожу с градусниками, прихожу, вот, я говорю «Так!», потом говорю «Так, что у нас сегодня всё-таки?» «Мне должны быть таблетки.», и я прям смотрю по фамилиям, выдаю вот по стаканчикам, вот, и там девочке м мальчику одному сделала уколы. Вот, они такие «Алёна Игоревна А вы ещё нас поведёте в этот в тренажёрный зал?» Я говорю «Поведу, только сегодня не в тренажёрный зал, а в бассейн.» И я их повела в бассейн, и научила там плавать. Вот, а потом значит я вдруг мне как бы дали отпуск, и я поехала с ними в какое-то ранчо, огромное ранчо, где лошади, вот, я туда приехала, но мне было очень одиноко, (Я не знаю почему, то есть я это чувствовала!) и я туда приехала значит, вот с этими всеми этими детьми, они там бегали, я их учила верховой езде, вот, и потом вдруг я смотрю, (Там ранчо у нас издалека, я смотрела — сидела на крыше, — в этот, бинокль, вот, и смотрю, какой-то вот молодой человек — Виталик, — чинит машину. А он нет, он не машину чинил, он за лошадью ухаживал! А потом сел в машину, чего-то там она или не завелась, он начал её чинить. Я к нему приехала, на лошади, говорю «Давай я всё сделаю!» Чего-то там поделала, она завелась. Вот, а потом мы стали чего-то дружить с ним, встречаться... Потом я опять сына-дочку родила, преступная девочка такая была! Мелодрама целая!",NDS_119-f-n
"Как будто я вот всё время куда-то падаю-падаю-падаю. Или я вот на платформе метро стою, и вот эта платформа, все люди на ней стоят, а она как-то вот так. Туда покатая, и я падаю. Или земля подо мной сы осыпливается. Я тоже падаю.",NDS_120-f-n
"Снилось, как будто я упала в море, или в воду какую-то, в озеро, меня там окутали водоросли, и я вот спокойно там дышу! Не не захлёбываюсь, ничего, а вот они меня опутали, но всё равно в конце концов я из них выпл вроде вырвалась так, и выплыла. *Чувство какое-то есть при этом?* Боязни такой страха вот.",NDS_121-f-n
"Он значит Как бы это было? Я сижу вроде или как, и тишина, просто вот полная тишина, и как бы по-моему нарастающий шум, и вот ну непонятное состояние какое-то вот. Как бы это объяснить, даже не знаю, как будто какие-то шары что ли на меня катятся такие как бы да давит на меня что-то они какие-то я помню по-моему шары такие вот коричневого и серого цвета вот, и какое-то вот как бы давление по-моему, чувствовалось вот постоянно.",NDS_122-m-n
"того, что вот я вижу сон, как это начинается. Я вхожу на кухню. Там сидят мои друзья — двое, или трое, — и брат, и почему-то там стоит мой мотоцикл. На кухне. И у них на столе бутылка вина какого-то. Они мне предлагают: «Давай выпьем!» там. Я из комнаты выхожу, когда вхожу, она уже наполовину пустая, я начинаю психовать, и я вот точно помню, я хватаю — (Прямо во сне как бы. Вот.) — мыло какое-то, шарахаю его вот так вот об стол, оно прямо разлетается, (И причём это очень хорошо всё ощутимо было вот. Насколько я помню.) вот, я чего-то там психую, и ухожу оттуда. И потом я оказываюсь уже на улице, опять как-то всё вот ну наша улица, наш район, но всё видоизменённо как-то вот. Хотя и расположение домов всё такое же. Ну вот, но почему-то там на соседней улице трамвайные пути проложены там стоит какой-то трамвай исковерканный... Вот, мы идём там уже с другой компанией разговариваем... Вот, и я встречаю своего друга, который — как вот мне приснилось сначала, — сидел на кухне среди этой компании, вот, он сидит на новеньком таком мотоцикле, прям блестящем, и предлагает мне пойти покататься. Я говорю, что уже поздно, уже девять часов вечера, я сейчас не могу, но всё равно его вытаскиваю. И я стою, он у меня задним колесом работает в грязи, и грязь вся летит на него, и я его при этом стою и протираю, ко мне подходят ещё какие-то двое, они мне чего-то говорят, я им какую-то колкость на это отвечаю, так что они ну замол замолчали. Вот, а дальше уже обрывается.",NDS_123-m-n
"У меня был приснился сон, как мы сидим в каком-то подвале, нас вроде там заперли, и мы пытаемся оттуда убежать, лезем через какой-то ход, видим, там идут военные, причём я точно вижу, что у них форма какая-то тёмно-зелёная, и непонятно: то ли милиция то ли военные, мы почему-то их пугаемся, куда-то задними ходами отступаем, дальше я вот уже не помню.",NDS_124-m-n
"К нам домой позвонила учительница по русскому, ну вот, и спросила, приедем мы, или нет. Вот, мама маме я сказала, что «Нет, мы сегодня не поедем, потому что мне надо к подруге в больницу, и вообще мне плоховато.», вот, ну мама ей всё это передала по телефону, вот, и она начала уговаривать: что может быть на вечер перенести или там на завтра или н короче чтобы на этой неделе не пропускать урок. Вот, но мы всё-таки не поехали, вот, и мама мне значит говорит «Ну тогда к Ане поедешь!, это там всё найдёшь! больница рядом.»... Вот, я еду в метро, очень много народа, выхожу из поезда, там такая толпа женщин вот, у меня в руке цветной прозрачный пакет, с пирожным вот, и я как-то иду мимо этой толпы, даже чуть-чуть как в толпу к так вклиниваюсь, вот, и потом иду уже к вых выходу, а потом вспоминаю что пирожного-то у меня в руке уже нет! Вот, думаю «Точно в этой толпе где-то они!» Вот, ну подхожу, женщина держит этот пакет, я говорю «Это мои пирожные!», забрала у неё, и пошла дальше, она на меня так очень странно смотрит, вот, я выхожу из метро, очень много народа там что-то в вроде рынка какие-то дома везде виднеются то ли их рестари реставрируют то ст то ли строят... Вот, ну я пошла в одну сторону, (Так больницы я в принципе не увидела, решила искать.) пошла в одну сторону, долго шла, вот, оказалось, там это какое-то государственное учреждение, вот, а больницы там не было, ну я вернулась к метро, спросила у мужчины, где больницу находят, ну, он мне показал в эту сторону, только вот чуть-чуть в другом направлении, вот, ну я туда пошла, стеклянное здание, как я так понимала, университет мой, вот, там около входа там были подростки, но вот мне они не очень нравились, какие-то они все были то ли пьяные ну то ли ещё какие-то... Ну вот, ну я там зашла, чуть-чуть покрутилась, потом девочка мне уже как это на следующий день получилось утром, и одна девочка говорит «Что ты тут ищешь?», ну я говорю «Больницу.», вот, ну она меня проводила до метро, говорит «Здесь больницы нет.» Ну вот, около метро я чуть-чуть так чуть-чуть прошла прямо, вот, и идёт мама с бабушкой, они начали так меня как укорять, что я так долго... Вот, ну я говорю «Ты там говорила, что больница прям стоит рядом, и её видно, а я её нигде не нашла, вот пока нашла, так много времени прошло.» Вот, я бабушке дала значит эти пирожные, она мне подарила кольцо.",NDS_125-f-n
"Папа очень сильно нам навредил, и его посадили как в тюрьму. Такое помещение, очень сырое и тёмное, и с решёткой, такая дверь вся из решётки. Ну вот, и я пришла его навестить, мне почему-то его очень стало жалко, вот, и он начал ещё больше меня унижать. То есть ещё хуже! Вот, ну я естественно вот быстро ушла, и как начала по-моему рассказывать это маме. Во сне, а вот дальше ничего не помню.",NDS_126-f-n
"Ну у меня есть друг такой, Вадя, он поступил в Академию вот ФСБ. Он одно вот там на месяц или на сколько-то уезжал, у них что-то типа было типа учений. Вот мне приснилось, что я поступил тоже в Академию ФСБ вот эту вот, и то что там с вокзала чего-то уезжали люди. И меня при этом провожала вот вся вот эта вот моя семейка. Все там нормально чего-то, у них там чего-то набрано там, в рюкзачок не рюкзачок, так чего-то, как-то вот это вот, а вот рядом со мной вот вся вот эта вот группа стоит, что мама папа сестра там причём только собаки разве что не было. И достаточно обильное количество сумок, и опять вот тут вот наставления и поучения что вот так вот и вот так вот и вот так. Ну в общем-то и и всё, остальная часть со сна там была, но я её просто не помню.",NDS_127-m-n
"Туман. Туман, вот знаете, как в ужасах фильм показывают, вот кладбище, и туман. Такой зверский туман. Это, захожу я в школу: туман такой. Эт И появляются — вот знаете, как бы это в фокусе, — такие вот округлые лица. Вот. Наших учителей. Все смеются. И каждое на меня: «А! Вот! Ты двоечница! Смотри на своих оценки!!» Вот, и тут н самые хорошие учителя, это Галина Семёновна, Александра Дмитриевна, и Владимир Владимирович, они на меня смотрели ну вот с тоской как бы сочувствовали они мне это ничего не говорили. И директриса у нас, такая вот. Выплыло — ну и в фокусе, — лицо её. Ну вот, вот, тоже на меня посмотрела, «Вот! Я тебя выгоню из этой из ш из школы!», а да я как будто я октябрёнком туда пришла, г галстук снимать, а тогда в то время было галстук снять это позор, это не знаю что, (С такого времени, когда с ним уже.) вот, потом директриса чего-то строит всех учителей в одну шеренгу как знаете, как октябрята вожатых. Вот, и каждый учитель отчёт. Выступает, ну знаете, как раньше — в сталинское время, — выступали, прямо вот чётко, ты-то да то да то-то да то. Вот. Это, сдав сдавала отчёт, и вот так вот. И всё это в таком тумане, всё это и знаете прям, как будто и я как бы та мне там кажд каждый потом ещё учи уди эти у у сверстники — прямо каждый, — смеются надо мной а я как будто вся сгинаюсь сгинаюсь под этим вот бременем, как это ну ми мышонком превращаюсь, и вся забитая, вся угнетённая!",NDS_128-f-n
"Ночью там что-то, какая-то скамейка вот такая вот, на скамейке сидит старуха, рядом со стар (Старушка такая, с клюкой.) рядом со старушкой я сижу, в общем чего-то она мне предсказывает, и ну рядом с с ней — там вот с этой лавочкой, — типа таблички такой, чего-то там написано, внизу там, «Мисс Ванга». Типа предсказывает судьбу, или чего-то такое. Ну вот, потом что-то она мне говорит, (Не помню.) сначала чего-то с мамой там было потом вот с чего-то я помню, это вот с разговора вот, она говорит что-то типа: «Вам молодой человек я долго жить не советую!» что-то в этом роде. И потом ну я как ватный стал, что-то там такое, ну, парализовало меня что ли после этого, дальше. Ну комната, как будто по комнате кто-то ходит, и я понимаю что это сон, пытаюсь себя разбудить, понимаю что это кошмар, пытаюсь разбудить, (Во сне.) и вроде бы я как-то уже проснулся, и тут опять всё равно понимаю, что это всё-таки сон. Всё-таки я ещё не проснулся там. И по комнате ходит эта с старушка, и стучит этой клюкой. Потом я просыпаюсь, себя я сь себя не знаю как-то разбудил что ли...",NDS_129-m-n